,video_url,comment_content,likes,check_time,write_time
0,http://www.youtube.com/watch?v=j5bNs29xXUY,지금 일본어 1도 모르는 학생입니다  목표는 일본인과 1대1로 대화하는 수준으로 생각하고 있는데 그에맞는 공부법좀 알려주실수있나요 그리고 일본인과 1대1로 대화할수있는 경지에 갈려면 기간이 어느정도 걸리나요?,4,1595521324.730821,3 months ago
1,http://www.youtube.com/watch?v=j5bNs29xXUY,영상 매우 감사합니다 유익합니다^^,0,1595521324.735404,1 month ago
2,http://www.youtube.com/watch?v=j5bNs29xXUY,선생님 영상 오랜만에 올리셨네요 ~^^ 문형 100개까지 완주하신다길래 엄청 기다리고있었습니다. 문형 시리즈 지금까지 올리신건 다봤습니다 감사합니다 ~^^,0,1595521324.740234,3 months ago
3,http://www.youtube.com/watch?v=j5bNs29xXUY,라리루레로 빼놓고 응을 넣어 50만든다는건 좀... 이해가 어렵네요...,1,1595521324.7450624,2 months ago
4,http://www.youtube.com/watch?v=j5bNs29xXUY,らりるれろ가빠졌네요,3,1595521324.7508376,3 months ago
5,http://www.youtube.com/watch?v=j5bNs29xXUY,일본어 50문항  기초 책 어디서 구입하나요. 인터넷에없는데요,0,1595521324.7557273,3 months ago
6,http://www.youtube.com/watch?v=j5bNs29xXUY,다른거는 다 광고넣어서 쫌 하기 보기싫어서 차단뉼르기전에 저는이 방송에 들어왔을때 일본어 광고없는 방송 핬다가 우그로 끌렸다가 뭐듣다가 방송 혀,0,1595521324.7601662,1 month ago
7,http://www.youtube.com/watch?v=j5bNs29xXUY,안녕하세요!  私も大学時代に日本語2年間勉強しました。ドラマをいっぱい見たんです。GTOとか魔女の条件愛していると言ってくれ笑昔のドラマですね。 日本語能力試験一級も資格取りました  今独学で中国語勉強頑張っています。なんか楽しいですね。面白いビデオありがとうございます。감사합니다.,0,1595521324.764754,1 month ago
8,http://www.youtube.com/watch?v=j5bNs29xXUY,알파벳에  비함   넘  어렵네      한자보다  헷갈림   일본인들이  글 보면    아따마   좋은건 인정,0,1595521324.7702906,2 months ago
9,http://www.youtube.com/watch?v=j5bNs29xXUY,매일  한국 망하라고 . 고사지내고 한국 못되게   . .혐한하고 발목잡는 일본의 말을  . .배우고 싶냐? . .,0,1595521324.7752945,2 weeks ago
10,http://www.youtube.com/watch?v=Aw5WTz3SBZk,※ 번역기를 사용하고 이상한 문장이라면 죄송합니다 나는 일본인입니다.  일본어를 공부하고 싶다고 생각하는 사람이있는 것은 매우 기쁩니다!  한자는 매우 어렵습니다.  그렇지만 일본인도 자주 한자를 잊지 읽을 수 있지만 쓸 수 없습니다 💦 즉 한자는 매우 중요하지 않습니다.  완벽하게 할 수 없어도 좋다고 생각합니다.  저도 한국어를 공부하고 싶습니다.  노력합시다!,435,1595521366.5987556,5 months ago
11,http://www.youtube.com/watch?v=Aw5WTz3SBZk,"비 = 아메 아침인사 = 아이사츠 머리 지능 생각 = 아타마 새로운 = 아타다ㅆ시 그다지,별로 =아마리 =암마리 빨갛다 = 아카이 파랗다 = 아오이 내일 = 아ㅣ시타 밝은 = 아카루이 놀다 = 아소브으 만나다 = 아으 사이,간격 ,~동안 = 아이다 공교로음 짖궂음 = 아이니크 열리다 = 아크 열다/펴다 = 아케르 올리다 얹다 = 아게르 올라가다/올라오다 = 아가르 얕다 정도가 낮다 = 아사이 발/ 다리 = 아씨 아침 = 아사 모레 = 아삿때 맛 멋 운치 = 아즈ㅣ 땀 = 아세 따뜻하다 다정하다 = 아타타카이 덥다 = 아츠이 뜨겁다 열정적이다 = 아츠이 두껍다 = 아츠이 모이다 집합하다 = 아츠마르 모으다 집합시키다 = 아츠메르 나중 뒤 후 = 아토오 형 오빠 = 아니 누나 언니 = 아내 사과하다 사죄하다 사양하다 = 아야마르 위험하다 불안하다 = 아브나이 달다 달콤하다 = 아마이 씻다 닦다 = 아라으 있다 [사물] = 아르 걷다 = 아르크 가을 = 아키 저기 저곳 = 아소코 저쪽 저기 저편 = 아치라 당신 댁 귀하 여보 = 아나타 끼얹다 샤워하다 뒤집어쓰다 = 아비르 아파트 = 아파아토 좋다 우수하다 = 이이[요이] 말하다 이야기하다 = ㅣ유 몇 몇개 몇살 = 이크츠 집 주택 = 이에 가다 = 이크  얼마 어느정도 = 이크라 있다 존재하다 = 이르 필요하다 = 이르 의사 = 의샤 언제 어느때 = 이츠 바쁘다 = 이소가시이 가득 = 이빠이 함께함 같은 = 잇쇼 항상 언제나 = 이츠모 싫음 불퀘함 = 이야ㅏ 지금 = 이마 의자/자리 = 이스 여동생 = 이모오토 5일 = 이츠카 가장 첫째 제일 = 이츠반(방 아프다 = 이타이 다섯개 = 이츠츠 살다 생활하다 = 이키르 들어가게 하다 넣다 수용하다 = 이레르  의미 = 이미 입구 시작 = 이리구치 안된다 좋지않다 = 이케나이 색 빛깔 표정 기색 얼굴색 = 이로 여러가지 갖가지 = 이로이로 돌 = 이시 의견 = 이켄 시골 고향 = 이나카 보내다 힘쓰다 = 이타스 얹다 받들다 모시다 = 이타다크 이타다키마스 = 잘 먹겠습니다 서두르다 조급하다 = 이소그 개 = 이누 빌다 기도하다 = 이노르 아니오 = 이이에 축하하다 = 이와으 위 높은곳 = 으에 뒤 뒤쪽 등 = 으시로 노래 = 으타 노래하다 = 으타으 바다 = 으미 두께가 얇은 싱거운 = 으스이 물건을 팔다 = 으르 우리 우리집 가운데 내부 = 으츠ㅇ 태어나다 = 으마레르 상의 겉옷 = 으아기 여쭈다 묻다 = 으카가으 물위에 뜨다 나타나다 = 으카브 팔 실력 솜씨 = 으데ㅇ 아름답다 곱다 = 으츠크시 배끼다 그리다 묘사하다 = 우츠스 치다 때리다 = 우츠 옮기다 이동하다 = 우츠스 맛있다 잘했다 = 으마이 거짓말 농담 = 우소 뒤 뒤쪽 반대 = 으라 시끄럽다 귀찮다 = 으르사이 운전 운용 = 응ㄴ땐 일본 화폐 = 엔 역 = 에키 영화 = 에에가 극장 영화관 = 에에가칸 가지 갈래 = 에다 영어 = 에에고 어머니 = 오카아상 고르다 뽑다 = 에라브 연필 = 엔ㅃ피츠 돈 = 오카네 부인 아주머니 = 오크상 일어나다 = 오키르 아버지 = 오토오상 여럿 많이 많은 사람 = 오오제 할아버지 = 오지이상 할머니 = 오바아상 놓다 두다 = 오크 화장실 = 오테아라이 [토이래] 가르치다 = 오시에르 누나 언니 = 오네에상 여자 = 온나 여자아이 = 온나노코 남자아이 = 오토코노코 오빠 형 = 오니이상 남동생 = 오또오토 아저씨 삼촌 = 오지상 그저깨 = 오또토이 재작년 = 오또토시 차 [음식] = 오차 같은 동일함 = 오나지 도시락 = 오밴토오 수영하다 헤엄치다 = 오요그 내리다 내려가다 = 오리르 우숩다 웃기다 이상하다 = 오카시이 맛있다 = 오이시이 억 [ 숫자 ] = 오크 일으키다 깨우다 일으키다  = 오코스 무거운 중요한 정도가 심한 = 오모이 생각하다 = 오모으 늦어지다 뒤지다 = 오크래르 물건이나 사람을 보내다 = 오크르 행동하다 실행하다 = 오코나으 음악 = 옹가크 덕분 은혜 = 오카게 재미있다 웃기다 즐겁다 = 오모시루이 끝나다 끝났다 = 오아르 기억하다 외우다 = 오보에르 느리다 늦다 = 오소이 밀다 누르다 = 오스 [¿] 접시 = 오사라 배 복부 = 오나카 어른 = 오토ㅇ나 술 사케 = 오사케 과자 = 오카ㅅ시 크다 = 오오키 놀라다 경악하다 = 오도르크 겉 표면 집 밖 = 오모테 일어나다 생기다 발생하다 = 오코르",136,1595521366.614018,3 months ago (edited)
12,http://www.youtube.com/watch?v=Aw5WTz3SBZk,광고 없게하기  5:23:44 좋아요 한번씩만...;;;;,133,1595521366.6237655,4 months ago (edited)
13,http://www.youtube.com/watch?v=Aw5WTz3SBZk,성지순례왔습니다 이 강의가 무려 대학교 강의로 이용된다는 강의인가요?,44,1595521366.627904,2 months ago
14,http://www.youtube.com/watch?v=Aw5WTz3SBZk,http://m.humoruniv.com/board/read.html?table=pds&pg=0&number=955678 제작자분의 동영상이 무단 도용된 것 같습니다. 법적 조치 검토가 필요해 보여서 언질드립니다.,25,1595521366.6311228,2 months ago
15,http://www.youtube.com/watch?v=Aw5WTz3SBZk,これ、韓国語の勉強にもなる!! これで韓国語の勉強頑張ります笑,7,1595521366.6408734,4 months ago
16,http://www.youtube.com/watch?v=Aw5WTz3SBZk,日本語の発音が違うので、nativeな発音で動画作りたいです♫,3,1595521366.645637,3 months ago
17,http://www.youtube.com/watch?v=Aw5WTz3SBZk,일본어 공부에 도움이 될 듯합니다. 감사합니다.,22,1595521366.6553922,5 months ago
18,http://www.youtube.com/watch?v=Aw5WTz3SBZk,1000개 통문장만 외워도 웬만하면 대화 가능하겠습니다,21,1595521366.6599016,4 months ago
19,http://www.youtube.com/watch?v=Aw5WTz3SBZk,혹시 문서파일로는 없나요? 같이보고 싶어서,5,1595521366.66438,4 months ago
20,http://www.youtube.com/watch?v=Aw5WTz3SBZk,오 너무좋아요 감사합니다 ありがとーございます😆💕✨,3,1595521366.6756928,3 months ago
21,http://www.youtube.com/watch?v=Aw5WTz3SBZk,뎀뿌라의 강의는 훌륭하다.  좋은 예시였어요. ^^ 감사합니다.,3,1595521366.6801622,3 months ago
22,http://www.youtube.com/watch?v=Aw5WTz3SBZk,"기초4개월 뗀 일반인인데요, 이런 귀한 콘텐츠가 있어서 너무 좋아요. 하루 30분씩 따라읽으니 많이 도움이 됩니다. 한자랑 다 올려주시니 더욱 좋습니다",6,1595521366.6914794,4 months ago
23,http://www.youtube.com/watch?v=Aw5WTz3SBZk,34:10  에다오 기루.  이상합니다,5,1595521366.7097344,5 months ago
24,http://www.youtube.com/watch?v=Aw5WTz3SBZk,38:58 일본어를 가르치다 인데 영어를 가르치다 로 오역이 있습니당!,0,1595521366.7138722,3 days ago
25,http://www.youtube.com/watch?v=Aw5WTz3SBZk,정말 감사해요. 시간 많이 갈리셨을텐데,23,1595521366.718299,4 months ago
26,http://www.youtube.com/watch?v=Aw5WTz3SBZk,38:55 英語？,15,1595521366.7375495,4 months ago
27,http://www.youtube.com/watch?v=Aw5WTz3SBZk,감사합니다.,7,1595521366.7419305,4 months ago
28,http://www.youtube.com/watch?v=Aw5WTz3SBZk,너무 감사하게 잘 사용하고 있습니다.,5,1595521366.7469378,4 months ago
29,http://www.youtube.com/watch?v=Aw5WTz3SBZk,여기가 그 찍어놓은 유튜브로 강의한다는 교양강사 유튜브입니까,9,1595521366.7536976,2 months ago
30,http://www.youtube.com/watch?v=Aw5WTz3SBZk,감사드립니다 정말루요!!!,7,1595521366.7581642,4 months ago
31,http://www.youtube.com/watch?v=Aw5WTz3SBZk,아주 좋습니다. 굿굿!!,4,1595521366.7709346,2 months ago
32,http://www.youtube.com/watch?v=Aw5WTz3SBZk,"아, 정말 좋은 동영상이네요! 이거 한편만 봐도 일본어 왠만큼 하겠어요.^^ 굿굿~♡",3,1595521366.7755976,3 months ago
33,http://www.youtube.com/watch?v=Aw5WTz3SBZk,하루 30분씩듣고 드뎌 1회차 완강했어요. 앞으로 2~3회 더 반복해서 듣고 다음강의로 올라가려구요. 어떤강의가 좋을지 추천해 주시면 감사하겠습니다. 좋은 컨텐츠 제작해 주셔서 감사해요♡,5,1595521366.7797148,3 months ago
34,http://www.youtube.com/watch?v=Aw5WTz3SBZk,5:42 초 욕하는줄 알고 깜짝 놀랬네 ㄷ,5,1595521366.7866013,1 month ago (edited)
35,http://www.youtube.com/watch?v=Aw5WTz3SBZk,감사합니다 .엄청난 자료군요!,16,1595521366.794747,6 months ago
36,http://www.youtube.com/watch?v=Aw5WTz3SBZk,문장 예시 나오는거 진짜 개꿀이네요 친절하게 다 읽어주기까지 굿굿!,1,1595521366.7990992,2 months ago
37,http://www.youtube.com/watch?v=Aw5WTz3SBZk,왕초보는 어떻게 시작하면 되는지요? 가이드라인이 있으면 좋을 것 같아요,2,1595521366.8039548,4 months ago
38,http://www.youtube.com/watch?v=Aw5WTz3SBZk,いい에서 기분을 날씨로 잘못 잀으신 것 같아요 그다음 거짓을하다도 言う보다作る가 나을 것 같아용!^^,4,1595521366.8111434,4 months ago (edited)
39,http://www.youtube.com/watch?v=Aw5WTz3SBZk,와우~ 아주 유익한 콘텐츠네요.  고맙습니다~,8,1595521366.8158462,6 months ago
40,http://www.youtube.com/watch?v=Aw5WTz3SBZk,감사합니다,3,1595521366.820656,4 months ago
41,http://www.youtube.com/watch?v=Aw5WTz3SBZk,한문위나 밑에 한글 표기를 해야 배우는 사람들에게 유용 할 것입니다… 지금 영상물은 일본어를 한문으로 표기 했을때 아는 사람이 숙달할 수 있는 수준의 영상물입니다… 발음을 천천히 해도 처음 배우는 사람들은 난해한 점이 있지요!!!^^ 수고 하십니다.,3,1595521366.8254046,3 months ago
42,http://www.youtube.com/watch?v=Aw5WTz3SBZk,23:20 읽기와 해석이 다른것같습니다,0,1595521366.8364096,1 month ago
43,http://www.youtube.com/watch?v=Aw5WTz3SBZk,1:44 부터,0,1595521366.8410985,1 month ago
44,http://www.youtube.com/watch?v=Aw5WTz3SBZk,27:33,1,1595521366.845324,4 months ago (edited)
45,http://www.youtube.com/watch?v=Aw5WTz3SBZk,3:38:10 감사합니다,0,1595521366.8480368,2 months ago (edited)
46,http://www.youtube.com/watch?v=Aw5WTz3SBZk,너무 감사 합니다.,4,1595521366.8539329,3 months ago
47,http://www.youtube.com/watch?v=Aw5WTz3SBZk,ありがとうございます。,1,1595521366.8587873,6 months ago
48,http://www.youtube.com/watch?v=Aw5WTz3SBZk,많이 도움 되고 있습니다~~ 감사 합니다~ 반복듣기~,0,1595521366.8632493,2 months ago
49,http://www.youtube.com/watch?v=Aw5WTz3SBZk,9:51 ...? 언니의 결혼이 과거형이라니...ㅠ 슬프군요ㅠ,0,1595521366.8678417,1 month ago
50,http://www.youtube.com/watch?v=Aw5WTz3SBZk,감사합니다!!😊,2,1595521366.8722878,3 months ago
51,http://www.youtube.com/watch?v=Aw5WTz3SBZk,感謝します、,1,1595521366.8789737,5 months ago
52,http://www.youtube.com/watch?v=Aw5WTz3SBZk,오랜만에 공부시작 감사요오타? 8:20 署>暑,2,1595521366.8836036,4 months ago
53,http://www.youtube.com/watch?v=Aw5WTz3SBZk,도대체 언제쯤 일본어로 말할수 있으려나ㅠ.ㅜ,5,1595521366.8892534,3 months ago
54,http://www.youtube.com/watch?v=Aw5WTz3SBZk,영단어는 머리에 진짜안들어오는데 일본어는 왜이렇게 잘들어오지? 신기해,6,1595521366.8938873,3 months ago
55,http://www.youtube.com/watch?v=Aw5WTz3SBZk,14:12 오타 아닌가요? 기모찌나 키분으로 되야하는데 뎅키로 돼있네요,0,1595521366.8988826,2 months ago
56,http://www.youtube.com/watch?v=Aw5WTz3SBZk,고맙습니다^^,0,1595521366.9044445,5 months ago
57,http://www.youtube.com/watch?v=Aw5WTz3SBZk,북마크 00:09 1장,0,1595521366.9099092,2 months ago
58,http://www.youtube.com/watch?v=Aw5WTz3SBZk,"감사히 잘 활용하고 있습니다. 다만 일련번호가 없는 것이 아쉽고,  각 단락별로 앞으로 가기나 뒤로가기가 가능하다면 학습에 큰 도움이 될 것 같습니다.",6,1595521366.9145575,5 months ago
59,http://www.youtube.com/watch?v=Aw5WTz3SBZk,ありがとうございます。すごいです。,6,1595521366.920302,6 months ago (edited)
60,http://www.youtube.com/watch?v=Aw5WTz3SBZk,14:04,0,1595521366.9262853,4 months ago
61,http://www.youtube.com/watch?v=Aw5WTz3SBZk,"기초 단어와 문장을 익히고,  또한 따라서 읽다보면 엄청난 도움이 됩니다.   감사합니다.",0,1595521366.9299831,1 month ago
62,http://www.youtube.com/watch?v=Aw5WTz3SBZk,2탄 안나오나여,3,1595521366.937654,5 months ago
63,http://www.youtube.com/watch?v=Aw5WTz3SBZk,감사합니다.,4,1595521366.9431665,6 months ago
64,http://www.youtube.com/watch?v=Aw5WTz3SBZk,아 늦었다 성지순례 왔습니다. 과제물 점수 잘 받게 해주세요.,0,1595521366.957212,2 months ago
65,http://www.youtube.com/watch?v=Aw5WTz3SBZk,3:45,1,1595521366.9632454,5 months ago
66,http://www.youtube.com/watch?v=Aw5WTz3SBZk,5:32,0,1595521366.984304,1 week ago
67,http://www.youtube.com/watch?v=Aw5WTz3SBZk,덴뿌라님 복많이받으세요 넘잘듣고갑니다,2,1595521366.9887655,5 months ago
68,http://www.youtube.com/watch?v=Aw5WTz3SBZk,강의 하시느라 수고하십니다. 한문과 일본어 표시에 강의 목소리 같이 한글로 밑에나 옆에 표기해 설명도 같이 하시면 이해가 확실이 될것으로 봅니다. 그럼 어떤 한문은 어떤 뜻으로 사용하는가와 함께 공부가 될것입니다. 지금강의는 어느정도 초보 수준을 벗어난 수강생의 수준이라고 생각됩니다… 항상 좋은 일 많이 있으시길 바랍니다.,1,1595521366.997069,3 months ago (edited)
69,http://www.youtube.com/watch?v=Aw5WTz3SBZk,광고외우겠네,1,1595521367.0137017,3 months ago
70,http://www.youtube.com/watch?v=Aw5WTz3SBZk,요즘 이거 틀고잠 ㅋㅋ,0,1595521367.0181642,1 month ago
71,http://www.youtube.com/watch?v=Aw5WTz3SBZk,7:06,0,1595521367.022646,4 months ago
72,http://www.youtube.com/watch?v=Aw5WTz3SBZk,3:27,0,1595521367.0369627,4 months ago (edited)
73,http://www.youtube.com/watch?v=Aw5WTz3SBZk,이거 너무좋네요,3,1595521367.0414348,5 months ago
74,http://www.youtube.com/watch?v=Aw5WTz3SBZk,6:43,0,1595521367.0457973,1 month ago
75,http://www.youtube.com/watch?v=Aw5WTz3SBZk,12:02,0,1595521367.0509694,4 months ago
76,http://www.youtube.com/watch?v=Aw5WTz3SBZk,성지순례글들이 많군요. 일본어 잘하게해주세요^^,0,1595521367.0561993,2 months ago
77,http://www.youtube.com/watch?v=Aw5WTz3SBZk,https://www.youtube.com/channel/UCP8BEuLwSgussyMIOMvp9hQ 이제 유툽 시작하신 분 같은데 이분 괜찮은 것 같네요,0,1595521367.0610197,1 month ago
78,http://www.youtube.com/watch?v=Aw5WTz3SBZk,삭제하지말아주세요 ㅠㅠ,1,1595521367.081077,5 months ago
79,http://www.youtube.com/watch?v=Aw5WTz3SBZk,1:39:28,1,1595521367.0875957,5 months ago (edited)
80,http://www.youtube.com/watch?v=Aw5WTz3SBZk,한국어 발음을 적어주시거나 한자어 위에 히라가나 표기 해주시면 초보들이 따라읽을 때 쉬울 것 같아요ㅜㅜ,8,1595521367.0925179,2 months ago
81,http://www.youtube.com/watch?v=Aw5WTz3SBZk,2:38,0,1595521367.1025956,3 months ago
82,http://www.youtube.com/watch?v=Aw5WTz3SBZk,책갈피 12:43,0,1595521367.115721,4 months ago
83,http://www.youtube.com/watch?v=Aw5WTz3SBZk,일본어 편하게 외우고 싶으면 일본애니 보시면 됨 저절로 일상에서 쓰는 단어 외어짐,0,1595521367.1220276,1 week ago
84,http://www.youtube.com/watch?v=Aw5WTz3SBZk,아무쪼록 공부하려는 분들에게 참 좋은 자료입니다. 고마워요 덴뿌라 센세!!,0,1595521367.1260588,1 month ago
85,http://www.youtube.com/watch?v=Aw5WTz3SBZk,성지순례왔습니다 여자친구랑 제가 다이어트 성공할수있게해주세요,0,1595521367.13011,2 months ago
86,http://www.youtube.com/watch?v=Aw5WTz3SBZk,덴뿌라님 동영상 즐겨 보았는데 있..요즘은 강의에만 충실하나 봅니다.. 동영상 속에 일본어도 가끔  배울수 있는 다음 영상물도 기대해 봅니다. ㅎㅎ,0,1595521367.153637,4 months ago
87,http://www.youtube.com/watch?v=Aw5WTz3SBZk,1:07:00,1,1595521367.1684813,3 months ago (edited)
88,http://www.youtube.com/watch?v=Aw5WTz3SBZk,04:47 09:22 18:03 24:36 30:56 37:18 43:53 51:38 58:02,1,1595521367.1730142,4 months ago (edited)
89,http://www.youtube.com/watch?v=Aw5WTz3SBZk,좋은정보네요...근데 기계음인가요? 발음이랑 억양이 먼가 이상하네요 ㅋ,3,1595521367.1776795,4 months ago
90,http://www.youtube.com/watch?v=Aw5WTz3SBZk,저는 일본인이지만 한국어 공부에 사용하고 있습니다 🙇‍♀️ 하지만 일본어 발음이...? 아니 억양이 안 좋지 않습니다 😥,0,1595521367.1819112,1 month ago
91,http://www.youtube.com/watch?v=Aw5WTz3SBZk,1:56,0,1595521367.193093,2 months ago
92,http://www.youtube.com/watch?v=Aw5WTz3SBZk,좋은 자료 감사합니다....도움이 많이 될꺼 같아요... 어제부터 1000문장 외워보자 생각하고 공부를 시작했는데  내용에 오타??오류??가  좀 있는듯 하네요...    잘 만드신 자료인데 수정 할 것들 좀 찾아서 수정해 주시면 더 좋을것 같아요...   일본어 공부하는 입장에서는 틀린 문장을 외우면 안되자나요 ㅎㅎ  ..   9번째 단어 아카루이(밝다) 예문의 음성이 잘못 된듯 해요..  곰방 츠키가 아카루이 인데  곰방와 츠키가 아카루이 라고 나오네요 그리고 아삿테(모레) 예문 텍스트에서 아이마쇼~ 에서   이가 빠진  아마쇼~ 로 되어 있어요.. 어제 시작한거라서 ..   지금 알게 된 사항이 이것밖에 없네요....    수정해 주시면 감사하겠습니다. ~~~ 꾸 벅,1,1595521367.2167404,2 months ago
93,http://www.youtube.com/watch?v=Aw5WTz3SBZk,14:00 4.12,0,1595521367.2228713,3 months ago
94,http://www.youtube.com/watch?v=Aw5WTz3SBZk,5:42,0,1595521367.23255,4 months ago (edited)
95,http://www.youtube.com/watch?v=Aw5WTz3SBZk,진짜 궁금한게 있는데 한자 어떻게 찾아요?,1,1595521367.2369924,2 months ago
96,http://www.youtube.com/watch?v=Aw5WTz3SBZk,27:08,0,1595521367.249775,4 months ago
97,http://www.youtube.com/watch?v=Aw5WTz3SBZk,영상 텍스트 화일 구매할수있나요..택스트 화일이 필요합니다.,0,1595521367.2618947,2 months ago
98,http://www.youtube.com/watch?v=Aw5WTz3SBZk,3:00,0,1595521367.276492,2 months ago
99,http://www.youtube.com/watch?v=Aw5WTz3SBZk,이거 하나만 봐도 일본어 달인이 될 것 같네요.,0,1595521367.2816184,1 month ago
100,http://www.youtube.com/watch?v=Aw5WTz3SBZk,감사합니다. 그런데 10분 단위로 나누어서 만들 수 있을까요?,0,1595521367.2915316,4 months ago
101,http://www.youtube.com/watch?v=Aw5WTz3SBZk,1시간 44분40초에 2개인데 자막에는10개로나와용 그리고 1시간45분01초에나오는거에서는 중국어를말하는데 자막은 영어인데 제가 정말기초단계인상황이라 헷갈려요...ㅠ 사과는2개인거고 45분에나온거는 중국어가 맞는거죠??,0,1595521367.2967584,3 months ago
102,http://www.youtube.com/watch?v=Aw5WTz3SBZk,"""기초일본어1000"" 저같은 초보자 배우기 딱맞네요 감사합니다 .이런식으로생활 여행 쇼핑 인사등 여러면으로 분류해놓은 영상자료는없는지요?",0,1595521367.3012292,3 weeks ago
103,http://www.youtube.com/watch?v=Aw5WTz3SBZk,5:23:43,0,1595521367.3073556,2 months ago
104,http://www.youtube.com/watch?v=Aw5WTz3SBZk,38:47 초에 동생에게 일본어를 가르치다 아닌가요?,1,1595521367.3189049,2 months ago
105,http://www.youtube.com/watch?v=Aw5WTz3SBZk,5:23:45,0,1595521367.3234003,4 months ago
106,http://www.youtube.com/watch?v=Aw5WTz3SBZk,4:28:42 「ふくしゅう」→「復習」 です。漢字が違います。 また、発音も違います。 ([ふくしょう]と、発音しています。そして、次の例文では、「ふくそう」と発音しています。どちらも間違いです。) 発音している人は、おそらく日本人ではないと思います。 外国語の学習では、発音は、必ずネイティブの発音を聞くようにしないと、 間違えて覚えてしまう危険性が高くなります。 気をつけましょう。,0,1595521367.3282115,4 months ago (edited)
107,http://www.youtube.com/watch?v=Aw5WTz3SBZk,아이니쿠니 아님??,0,1595521367.333054,2 days ago
108,http://www.youtube.com/watch?v=Aw5WTz3SBZk,"한문에 도 일본말 한글 표시가 있어야 초보들이 이해하지, 말로만 표현을 하면 웬만한 중급이상 일본어 숙련인이면 몰라도 이해 습득하기에는 어려운 면이 있습니다^^ 강의 하시느라 수고 하십니다.",0,1595521367.3373926,4 months ago (edited)
109,http://www.youtube.com/watch?v=Aw5WTz3SBZk,5:23:44,0,1595521367.3419921,4 months ago
110,http://www.youtube.com/watch?v=Aw5WTz3SBZk,0:01 ~5:23:30,0,1595521367.350031,1 month ago (edited)
111,http://www.youtube.com/watch?v=Aw5WTz3SBZk,역앞에서 친구를 만나다.   이런말을 누가 쓰나요.....역앞에서 친구를 만났어요...아니면 만나기로 했어요.. 이런말을 주로 쓰지 않을까요? 회화는 사용하는 말을  써주면 좋을것 같아요. 단어를 기본형으로 알려주시니 회화를 통해 자연히 시제에 대한 변환도 익히게 될것같아서요...,0,1595521367.3548963,1 month ago
112,http://www.youtube.com/watch?v=Aw5WTz3SBZk,다따라배우면  일본여행가도도겟네요!,0,1595521367.359788,4 days ago
113,http://www.youtube.com/watch?v=Aw5WTz3SBZk,저 일본어 진짜 살면서 처음 공부 해보는데 이걸로 기초는 닦을수 있을까요? JLPT라는거도 쳐보고싶은데 이걸로 도움 될까요?,0,1595521367.363934,4 months ago
114,http://www.youtube.com/watch?v=Aw5WTz3SBZk,5:30:00,0,1595521367.369457,2 months ago
115,http://www.youtube.com/watch?v=Aw5WTz3SBZk,아ㅏ 히라가나 가타카나 까지는 겐츈한데ㅔ 한자에서 막힌다ㅏ 한자 겁나 어려워ㅓㅓ,2,1595521367.3741355,5 months ago
116,http://www.youtube.com/watch?v=Aw5WTz3SBZk,9:02 1일차,0,1595521367.3783107,1 month ago
117,http://www.youtube.com/watch?v=Aw5WTz3SBZk,발음 써주시면 더좋을듯,0,1595521367.38244,4 months ago
118,http://www.youtube.com/watch?v=Aw5WTz3SBZk,단어 적을때 히라가나로 외워서 적어야하나여 아니면 한자로 적어야하나요?,0,1595521367.3965344,3 months ago
119,http://www.youtube.com/watch?v=Aw5WTz3SBZk,여기있는일본어 단어와 한자 다 외우면 신문같은거 읽을수있을까요?,0,1595521367.401462,4 months ago
120,http://www.youtube.com/watch?v=Aw5WTz3SBZk,읾본어는 하루공부하면 그날사용할수있음,1,1595521367.4060814,2 weeks ago
121,http://www.youtube.com/watch?v=Aw5WTz3SBZk,5:23:44,0,1595521367.4127903,1 month ago
122,http://www.youtube.com/watch?v=Aw5WTz3SBZk,22:40,0,1595521367.41732,5 months ago
123,http://www.youtube.com/watch?v=Aw5WTz3SBZk,5:23:44,0,1595521367.4223213,3 months ago
124,http://www.youtube.com/watch?v=Aw5WTz3SBZk,1:03:37 이름 누가 지었냐,8,1595521367.4262574,2 months ago
125,http://www.youtube.com/watch?v=Aw5WTz3SBZk,1000 ㄷ,0,1595521367.4304216,6 days ago
126,http://www.youtube.com/watch?v=Aw5WTz3SBZk,3:07:00 3:31:00 47:30 58:30 1:28:31,0,1595521367.4352481,3 months ago (edited)
127,http://www.youtube.com/watch?v=Aw5WTz3SBZk,일본어를 배우면서 느꼈습니다     한쿸어과 놈무놈무 오렶돠눈곳울 알앗어유,0,1595521367.4413266,3 months ago
128,http://www.youtube.com/watch?v=Aw5WTz3SBZk,ㅣ,0,1595521367.4456553,1 month ago
129,http://www.youtube.com/watch?v=Aw5WTz3SBZk,방대한 자료 감사합니다. 유용하게 활용하겠습니다.,3,1595521367.4500299,6 months ago
130,http://www.youtube.com/watch?v=Aw5WTz3SBZk,5/3 2:16,0,1595521367.4546041,2 months ago (edited)
131,http://www.youtube.com/watch?v=Aw5WTz3SBZk,38:56 니홍고 일본어인데요;;,0,1595521367.459663,4 months ago
132,http://www.youtube.com/watch?v=Aw5WTz3SBZk,책으로 나온게 있읍니까?,0,1595521367.4635475,3 months ago
133,http://www.youtube.com/watch?v=Aw5WTz3SBZk,100:00,0,1595521367.4682572,3 weeks ago
134,http://www.youtube.com/watch?v=Aw5WTz3SBZk,교토에 살면서 일본어를 독학하고 있는데... 도움을 많이 받고 있습니다 힘내서 부지런히 공부해야겠습니다,3,1595521367.4725254,3 weeks ago
135,http://www.youtube.com/watch?v=Aw5WTz3SBZk,"안녕하세요. 캐나다에서 중국어 공부하는 또니라고 합니다. 저도 예전 대학시절에 일본어 배우느라 2년을 보냈어요. 나름 일본어 회화 정말 잘 하려고 나름 미친듯이 노력을 많이 했고,  유명한 드라마 롱바케이션, GTO, 마녀의 조건 같은 드라마 ㅎㅎ 엄청 보면서  대사를 모두 흉내내고, JLPT 일본어 능력 시험, 일어 관광 통역 자격도 따고 했네요. 지금은 오랫동안 말을 못해서 많이 실력이 부족한데, 혼자 가끔씩 영상 찍으면서 유지중입니다. ㅎㅎㅎ   영상 잘 봤습니다. 감사해요.",0,1595521367.4770923,1 month ago
136,http://www.youtube.com/watch?v=Aw5WTz3SBZk,14:19 글은 기모치인데 발음은 텐진 날씨라고 하네요..오류입니까?,0,1595521367.4813223,4 months ago (edited)
137,http://www.youtube.com/watch?v=Aw5WTz3SBZk,か,0,1595521367.4866552,1 month ago
138,http://www.youtube.com/watch?v=Aw5WTz3SBZk,올려주신 자료 감사합니다🙏  0:09 1번~ 24:57  1일차 50:42  2일차 1:14:22 3일차,0,1595521367.4922101,4 months ago (edited)
139,http://www.youtube.com/watch?v=Aw5WTz3SBZk,「味が悪い」とは、あまり言いません。 「皆」は、「みな」です。,0,1595521367.4982092,5 months ago (edited)
140,http://www.youtube.com/watch?v=Aw5WTz3SBZk,"유익한 영상이라 생각하지만 '이 영상으로만' 공부하거나 완전히 똑같이 따라쓰고 따라말하는 것은 조금 위험할 수 있을 것 같아요. 우선 발음이 맞지 않는 부분이 너무 많습니다 (け와 げ 발음이 뒤바뀌었거나 장음생략) 또한 비슷한 모양의 한자라고 아예 다른 한자를 쓰는 오류가 잦습니다(예시로 복습같은 경우엔 復習입니다 앞의 부수생략하면 뜻 달라요) 마지막으로 예시문마다 무조건 한국해석에 맞춰 띄어쓰기가 되어있는데... 수능에서 일본어영역엔 우리가 외국인 입장이다보니 띄어쓰기를 쓰긴하지만 일본어엔 띄어쓰기가 없습니다,초등학생 정도의 나이들은 쓰지만요(해도 안해도 틀렸다! 는 아니지만 일본사람들이 보기엔 많이 이상해보이는것 같더라구요 무엇보다 편하단 이유로 이렇게만 쓰고 읽다보면 나중에 원서 읽을때 그냥 죽게됩니다)저도 처음엔 아무생각없이 오류는 좀 있지만 공부해도 되겠다 싶었다만... 댓글 내리다가 일본분이 남기신 경고댓글 보고 아 이부분은 틀린건가봐 싶어 의견 하나 남길뿐이에요. 수능 일본어영역같은 시험은 이 영상이 도움될거예요 화이팅",0,1595521367.5034406,2 weeks ago
141,http://www.youtube.com/watch?v=Aw5WTz3SBZk,45:00 1:02:08 1:33:01 2:02:50,3,1595521367.508427,5 months ago (edited)
142,http://www.youtube.com/watch?v=Aw5WTz3SBZk,이거 다 들으면 애니 자막없이 시청 가능?,2,1595521367.5128791,3 weeks ago
143,http://www.youtube.com/watch?v=Aw5WTz3SBZk,상당히 유용합니다. 이것 외우면 초중급됩니다...,2,1595521367.5281155,3 months ago
144,http://www.youtube.com/watch?v=Aw5WTz3SBZk,이시대에,0,1595521367.5325181,2 months ago
145,http://www.youtube.com/watch?v=Aw5WTz3SBZk,문장 형식이라 좋네요,1,1595521367.53711,5 months ago
146,http://www.youtube.com/watch?v=Aw5WTz3SBZk,일본어는 영어고 중국어도 영어구나,1,1595521367.5421767,5 months ago
147,http://www.youtube.com/watch?v=HxIRJ5RfeMw,초보자에 좋은 연습물입니다.난이도에 따른 연습물을 올려 주시면 더 좋을듯 합니다.감사합니다.,2,1595521403.5261233,6 months ago
148,http://www.youtube.com/watch?v=HxIRJ5RfeMw,감사합니다,0,1595521403.5305939,6 months ago
149,http://www.youtube.com/watch?v=HxIRJ5RfeMw,걈사합니다항상잘듣고있어요,0,1595521403.5348713,3 months ago
150,http://www.youtube.com/watch?v=czDJJHZmh3k,日本語の発音うまいですね,1,1595521433.5912776,7 months ago
151,http://www.youtube.com/watch?v=czDJJHZmh3k,감사합니다!,0,1595521433.5999458,7 months ago
152,http://www.youtube.com/watch?v=cbMpiSgWCGs,잘보고있어요^^/  감사합니다~,1,1595521468.3275204,5 months ago
153,http://www.youtube.com/watch?v=cbMpiSgWCGs,잘 배웁니다~,0,1595521468.3471854,1 month ago
154,http://www.youtube.com/watch?v=cbMpiSgWCGs,감사합니다 야무지게 외워보겠습니다.,0,1595521468.3638577,1 week ago
155,http://www.youtube.com/watch?v=cbMpiSgWCGs,감사합니다.,0,1595521468.3797863,5 months ago
156,http://www.youtube.com/watch?v=K0RPsE1-M7w,정말 간단한 일본어 기초 회화문장으로만 구성되어있어서 좋았습니다.,2,1595521501.2571394,7 months ago
157,http://www.youtube.com/watch?v=K0RPsE1-M7w,눈감고 자면서 들으면 무슨 말인지 모르는데요 ㅋㅋ,2,1595521501.2702813,7 months ago
158,http://www.youtube.com/watch?v=K0RPsE1-M7w,정말 초보자에게는 가뭄의 단비같은 자료입니다♥,0,1595521501.2787313,3 months ago
159,http://www.youtube.com/watch?v=K0RPsE1-M7w,두번째 문장 네꼬와 도꼬니 이마스까 아닌가요???? 생물이잖아요,2,1595521501.285409,7 months ago
160,http://www.youtube.com/watch?v=K0RPsE1-M7w,<어제는 덥지 않았습니다> 부분이 잘못 번역 된거 아닌가요?,1,1595521501.2900221,7 months ago
161,http://www.youtube.com/watch?v=K0RPsE1-M7w,감사합니다,0,1595521501.2944405,6 months ago
162,http://www.youtube.com/watch?v=K0RPsE1-M7w,어린 초등학생이다만 일본어에 관심이 많다죵,1,1595521501.2992706,3 months ago
163,http://www.youtube.com/watch?v=K0RPsE1-M7w,항상 잘 보고 있습니다.,0,1595521501.3035984,7 months ago
164,http://www.youtube.com/watch?v=K0RPsE1-M7w,자면서 듣다가 모르는 단어 나오면 신경쓰임 ㅡㅡ 잠 못잠,0,1595521501.3081012,6 months ago
165,http://www.youtube.com/watch?v=v9if0tESofc,영상이안올라와서! 무슨일이있으신건지 궁금하구걱정했었습니다~!! 감사합니당♡,1,1595521529.6847057,8 months ago
166,http://www.youtube.com/watch?v=v9if0tESofc,영상 감사합니다,0,1595521529.69018,8 months ago
167,http://www.youtube.com/watch?v=v9if0tESofc,"덴뿌라 선생님 정말 감사드립니다 훌륭한 영상 만들어주셔서,,,,,",0,1595521529.696784,2 weeks ago
168,http://www.youtube.com/watch?v=3zIyGG4Wbtc,감사합니다. 😊,0,1595521586.279914,8 months ago
169,http://www.youtube.com/watch?v=3zIyGG4Wbtc,감사합니다,1,1595521586.28468,8 months ago
170,http://www.youtube.com/watch?v=3zIyGG4Wbtc,응 영어로 나오네요..외국인을위한건가...,1,1595521586.2891855,8 months ago
171,http://www.youtube.com/watch?v=1WiIhHlY9u8,항상 잘보고있습니다~~^^ 까먹을만하면 이렇게 정리해주셔서  도움이 아주 많이돼요♡,0,1595521619.9082396,8 months ago
172,http://www.youtube.com/watch?v=1WiIhHlY9u8,열심히  강의 듣고 있습니다~^^ 강의   최고에요  너무 감사합니다,1,1595521619.9129195,8 months ago
173,http://www.youtube.com/watch?v=1WiIhHlY9u8,다시 일본어 공부 시작합니다. 감사합니다!,0,1595521619.9174056,3 weeks ago
174,http://www.youtube.com/watch?v=bsjJm91eLlQ,고맙습니다^^,0,1595521656.8950858,8 months ago
175,http://www.youtube.com/watch?v=bsjJm91eLlQ,顔かお 頭あたま 目め 鼻はな 歯は 口くち くちびる あご 舌した 頬ほお 見みみ 睫毛まつげ 眉まゆ 髪かみ 額ひたい 目蓋まぶた 首くび 喉のど かた うで 手て つめ 手首てくび あしくび 肘ひじ 指ゆび 胸むね おなか 背中せなか おしり 足あし つまさき 膝ひざ 血ち 骨ほね,1,1595521656.9004567,8 months ago
176,http://www.youtube.com/watch?v=4Q6wcORN-WA,덴뿌라님 좋은 영상 감사해요! 동화 듣기로 공부하니까 금방 많이 배울 수 있네요. 이런 영상 너무 좋네요!,0,1595521687.4003165,1 month ago
177,http://www.youtube.com/watch?v=4Q6wcORN-WA,이런 동화쯤이야 하고 들어왔으나... 정말 공부가 많이 되네요. 앞으로도 많이 부탁 드립니다.,0,1595521687.4136176,8 months ago
178,http://www.youtube.com/watch?v=4Q6wcORN-WA,CD  사고싶고  싶어요,0,1595521687.4307988,1 month ago
179,http://www.youtube.com/watch?v=4Q6wcORN-WA,おおかみといぬ たべものを取りに来た しかし、犬🐶はふく おおかみは犬に聞きました 私は、何もたべられ  探さない 住みながらどろぼうが あらやましい そう？じゃあ、 軽い ふせぐ 私がご主人様に言って なんで 首輪くびわ こわかる だから、昼はこうして,0,1595521687.4479656,7 months ago
180,http://www.youtube.com/watch?v=4Q6wcORN-WA,속도도 적당하고 따라하기 좋습니다. 반복연습하면 혼자서 언젠간 읽을 수 있겠죠? 감사합니다! 선생님,0,1595521687.4529533,11 months ago
181,http://www.youtube.com/watch?v=5amxR-7uGQc,일본어 문장과는 다른 틀린 해석들이 자주 보입니다.  수정 부탁드립니다.,12,1595521710.5550468,10 months ago
182,http://www.youtube.com/watch?v=5amxR-7uGQc,9분쯤에 책상 아래라고 적혀있고 책상 위에라고 읽어요!,7,1595521710.5592766,7 months ago
183,http://www.youtube.com/watch?v=5amxR-7uGQc,"일본어 먼저 두 번,해석 한 번,일본어 두 번 그렇게 반복하는 방식이 아주 좋으네요 들으면서 뜻을 생각해볼 수 있고 암기할 수 있어서.. 감사합니다",3,1595521710.5634375,6 months ago
184,http://www.youtube.com/watch?v=5amxR-7uGQc,자막이랑 말이랑 달라서 당황스럽네요 ㅠㅠ,3,1595521710.568349,8 months ago
185,http://www.youtube.com/watch?v=5amxR-7uGQc,1:04:30　에 一生懸命に라고 되어있는데 に가 없는게 맞는건지 に를 발음 안하는게 맞는건지 알려주세요,2,1595521710.5770476,10 months ago
186,http://www.youtube.com/watch?v=5amxR-7uGQc,5:37`나는 그녀에게 방청소를 시켰다`에서 방이 없네요..늘 감사합니다..,5,1595521710.5814278,10 months ago
187,http://www.youtube.com/watch?v=5amxR-7uGQc,감사합니다^^  매일 잘듣고 있습니다^^,1,1595521710.5861657,11 months ago
188,http://www.youtube.com/watch?v=5amxR-7uGQc,아나운스가 읽는 내용과 쓰여져있는 문장이 다르네요,1,1595521710.5903156,4 months ago
189,http://www.youtube.com/watch?v=5amxR-7uGQc,30분쯤에 틀린부분이 너무 많아요 아시타를 아나타로 발음하거나 마시타를 마스로 발음하는 등의 틀린부분이 있어 학습에 혼동이 될 우려가 있습니다,1,1595521710.5955677,2 months ago
190,http://www.youtube.com/watch?v=5amxR-7uGQc,도움이 많이 됩니다 감사합니다.^^,1,1595521710.5997,9 months ago
191,http://www.youtube.com/watch?v=5amxR-7uGQc,ありがとうございます. 毎日勉強してます,0,1595521710.6044285,6 months ago
192,http://www.youtube.com/watch?v=5amxR-7uGQc,감사합니다 :),0,1595521710.6085694,6 days ago
193,http://www.youtube.com/watch?v=5amxR-7uGQc,감사합니다.,0,1595521710.6126943,10 months ago
194,http://www.youtube.com/watch?v=5amxR-7uGQc,감사합니다 2회독 들어갑니다,3,1595521710.6178901,11 months ago
195,http://www.youtube.com/watch?v=5amxR-7uGQc,감사합니다.많은도움을주셔서,0,1595521710.624146,5 months ago
196,http://www.youtube.com/watch?v=5amxR-7uGQc,助かります,0,1595521710.627852,6 months ago
197,http://www.youtube.com/watch?v=5amxR-7uGQc,감사합니다 ^^,1,1595521710.6306498,11 months ago
198,http://www.youtube.com/watch?v=5amxR-7uGQc,3:00:00,0,1595521710.6333752,3 months ago
199,http://www.youtube.com/watch?v=5amxR-7uGQc,23년전 미국유학생활에서 일본학생들과 자연스럽게 어울려 대화가 가능했는데 그후 20년 넘게 할 기회가 없다 덴뿌라 유튜브로 공부를 다시 시작하게 되었습니다. 쉽고 유익한 내용 감사합니다.,1,1595521710.6394029,7 months ago
200,http://www.youtube.com/watch?v=5amxR-7uGQc,감사합니다 발음 틀린부분도 수정해주시면 감사하겠습니다 초보자라 햇갈려서요^^,3,1595521710.6439314,6 months ago
201,http://www.youtube.com/watch?v=5amxR-7uGQc,아리가토오 센세이,0,1595521710.6499097,6 months ago
202,http://www.youtube.com/watch?v=5amxR-7uGQc,"틀린 자막,오디오가 한두개가 아니지만 걸라서 듣고 알아서 보고.. .  덴뿌라상, 좀 신경 써 주시지요...",1,1595521710.6558642,4 months ago
203,http://www.youtube.com/watch?v=GHY9PmQWFrI,늘 감사합니다~ 곰과두친구 자막뒷배경 나뭇잎이  글씨 읽는데 방해되네요. 50대라 눈이 나빠서인지😓,1,1595521739.6208823,11 months ago
204,http://www.youtube.com/watch?v=GHY9PmQWFrI,예전 한시간 일단어 듣기 시리즈는 다 삭제하신건가요? ㅠㅠ,0,1595521739.6253562,11 months ago
205,http://www.youtube.com/watch?v=GHY9PmQWFrI,"denppura.com에 10.은혜갚은 호랑이, 18.제우스와 거북이, 19.곰과 두 친구, 도 좀 올려주세요.",0,1595521739.6293085,11 months ago
206,http://www.youtube.com/watch?v=GO6Qyx7QBV0,"선생님 문형 강의 너무 좋아요~~~~문형,패턴 강의 앞으로도 계속 부탁드립니다^^",0,1595521769.8871636,9 months ago
207,http://www.youtube.com/watch?v=GO6Qyx7QBV0,항상감사합니다^^,0,1595521769.898034,11 months ago
208,http://www.youtube.com/watch?v=GO6Qyx7QBV0,触る에서 선생님 당황하시는 모습에 터졌습니다,0,1595521769.9083302,11 months ago
209,http://www.youtube.com/watch?v=GO6Qyx7QBV0,58번 문형 강좌를 찾을 수 없네요,0,1595521769.9138646,3 months ago
210,http://www.youtube.com/watch?v=g2uycZX1tQQ,毎日きいています どうも~~,1,1595521799.4004529,2 months ago
211,http://www.youtube.com/watch?v=g2uycZX1tQQ,×銀行へ行って来(ki)なければ    〇銀行へ行って来(ko)なければ    ×雨がふるすです。 ×雨がふるそうです。,1,1595521799.4054406,2 weeks ago (edited)
212,http://www.youtube.com/watch?v=g2uycZX1tQQ,先生、めっちゃすごいですね。　ᕕ( ᐛ )ᕗ,2,1595521799.4100862,11 months ago
213,http://www.youtube.com/watch?v=g2uycZX1tQQ,많은 도움받고 있습니다 감사합니다,6,1595521799.428767,11 months ago
214,http://www.youtube.com/watch?v=g2uycZX1tQQ,이건 대본어떻게받을수있나요?^^,3,1595521799.4334826,6 months ago
215,http://www.youtube.com/watch?v=g2uycZX1tQQ,인토네션 이상한데요..,3,1595521799.4380958,11 months ago
216,http://www.youtube.com/watch?v=g2uycZX1tQQ,항상 감사합니다.. 건강하세요^~~^^,0,1595521799.4582226,11 months ago
217,http://www.youtube.com/watch?v=g2uycZX1tQQ,どうもありがとうございます 頑張ります🤗,2,1595521799.462389,7 months ago
218,http://www.youtube.com/watch?v=g2uycZX1tQQ,이번 영상은 회화의 결정판 같네요~! 이런 영상 좀 더 많이 만들어 주세요~^^진심 감사드립니다~^^,1,1595521799.480585,11 months ago
219,http://www.youtube.com/watch?v=g2uycZX1tQQ,はじめまして。私は韓国の大学の日本語学部一年生です。이런 영상들을 활용해서 저는 항상 지하철이나 대중교통에서 청해연습을 자주 하고 있습니다. 이런 좋은 영상들을 제작해주셔서 감사합니다!!,0,1595521799.4879367,1 month ago
220,http://www.youtube.com/watch?v=g2uycZX1tQQ,덴뿌라님  좋은 자료 정말 감사합니다. 항상 건강하세요..,1,1595521799.4924004,6 months ago
221,http://www.youtube.com/watch?v=g2uycZX1tQQ,유익한 영상공부  혼도니 아리가도...  정말 감사드립니다,0,1595521799.5114176,3 months ago
222,http://www.youtube.com/watch?v=g2uycZX1tQQ,38:45,0,1595521799.5228093,5 months ago (edited)
223,http://www.youtube.com/watch?v=g2uycZX1tQQ,남성분 목소기가 ..완전  성우같으셔요  ㅎㅎ,0,1595521799.5276005,4 months ago
224,http://www.youtube.com/watch?v=g2uycZX1tQQ,뿌라형님 항상 잘 보고있어요,1,1595521799.5476785,11 months ago
225,http://www.youtube.com/watch?v=g2uycZX1tQQ,"정말 감사함니다, 항상 좋은것을 올려 주시어서,,,,, 열심히 공부헤서 이번에는 꼭 마스타 하고 싶어요,,,너무나 좋아요,",1,1595521799.5659878,6 months ago
226,http://www.youtube.com/watch?v=g2uycZX1tQQ,촌스런 아저씨닷!,0,1595521799.5704334,3 months ago
227,http://www.youtube.com/watch?v=g2uycZX1tQQ,늘감사합니다,1,1595521799.5748446,11 months ago
228,http://www.youtube.com/watch?v=g2uycZX1tQQ,최근에 채널 이전하고부터 녹음파일이 다 한국인발음같죠/.?,3,1595521799.5817926,11 months ago
229,http://www.youtube.com/watch?v=g2uycZX1tQQ,감사합니다.,0,1595521799.586448,11 months ago
230,http://www.youtube.com/watch?v=g2uycZX1tQQ,10:15 15:05,1,1595521799.6105042,11 months ago (edited)
231,http://www.youtube.com/watch?v=g2uycZX1tQQ,문재인 속에 도사리는 사탄은 예수이름으로 명하노니 떠나가라 저 무저갱으로 떠나갈지어다   예수이름으로 사악한영을 파쇄파쇄하노라,1,1595521799.6198075,9 months ago
232,http://www.youtube.com/watch?v=F5mlhyaObns,참고로 2분 3초에 있는 내용 입니다. ^^,1,1595521826.0093493,11 months ago
233,http://www.youtube.com/watch?v=F5mlhyaObns,1분50초경 내용이 반대인것 같네요,0,1595521826.013794,8 months ago
234,http://www.youtube.com/watch?v=F5mlhyaObns,안녕하세요 늘~감사하게 생각하고 있씀,0,1595521826.0191052,1 week ago
235,http://www.youtube.com/watch?v=F5mlhyaObns,denppura.com 에 10.호랑이. 18. 거북이. 19. 곰 이야기도 좀 올려주시면 안될까요?,0,1595521826.0240636,11 months ago
236,http://www.youtube.com/watch?v=F5mlhyaObns,매번 올려주시는 자료 너무나도 잘 보고 있고 큰 도움을 받고 있습니다.  감사합니다.    제우스와 거북이 내용중 아래 본문이 잘못 되어 말씀 드립니다.    ところが、亀だけが　ゼウスの結婚式に　来ていました。 그런데 거북이만이 제우스의 결혼식에 오지 않았지요.   来ていませんでした。-> 로 수정 부탁 드립니다.    저 같은 일본어 입문자들에게 맞는 덴뿌라 일본어 늘 응원 합니다.  감사합니다. ^^,0,1595521826.0290024,11 months ago
237,http://www.youtube.com/watch?v=RPOwqK_uDnY,매일 쓰면서 듣고 있어요~~ 감사합니다!!,0,1595521853.090028,2 weeks ago
238,http://www.youtube.com/watch?v=RPOwqK_uDnY,아는 말이 귀에 쏙쏙들어와 신기합니다.ㅋㅋ,0,1595521853.095001,2 months ago
239,http://www.youtube.com/watch?v=RPOwqK_uDnY,동화읽기~너무좋아요~^^ 감사합니다.,0,1595521853.099487,3 weeks ago
240,http://www.youtube.com/watch?v=RPOwqK_uDnY,유익하네요 감사합니다^^,0,1595521853.1041284,7 months ago
241,http://www.youtube.com/watch?v=RPOwqK_uDnY,감사합니다. 재미있으면서 도움이 많이 됩니다.,0,1595521853.1086295,3 months ago
242,http://www.youtube.com/watch?v=9H2ArIYHaUc,안녕하세요. 정말 간절히 답변 원하고 있습니다. 답변주시면 정말 감사드릴게요 !,1,1595521883.394057,1 year ago
243,http://www.youtube.com/watch?v=9H2ArIYHaUc,감사합니다,0,1595521883.3989935,2 months ago
244,http://www.youtube.com/watch?v=9H2ArIYHaUc,감사합니다ᆢ,0,1595521883.4034474,1 year ago
245,http://www.youtube.com/watch?v=9H2ArIYHaUc,아 남자분 약간 발음이 쉐네요. 건담씨드 라우르크루제 성우분이 해줬음 좋겠는데요..,1,1595521883.4080303,1 year ago
246,http://www.youtube.com/watch?v=U4nBjK3XI6c,감사합니다,0,1595521919.0124123,1 year ago
247,http://www.youtube.com/watch?v=U4nBjK3XI6c,예전에 있던 단어시리즈 11개는 복구 안되나요?ㅠ,2,1595521919.052444,1 year ago
248,http://www.youtube.com/watch?v=U4nBjK3XI6c,잘 보았어요,0,1595521919.0691285,2 months ago
249,http://www.youtube.com/watch?v=U4nBjK3XI6c,"안녕하세요!    1년전부터 일본어 공부시 덴뿌라 채널 들어가서 영상 자주보았던 애청자입니다.  진지하게 여쭤볼게 있어서 댓글 남깁니다. (공부 관련 질문은 아닙니다)    이전에 '덴뿌라' 채널에서 영상볼때 광고가 삽입 되어있던 걸로 알고있는데요!  최근에 보니 '덴뿌라' 채널에 광고가 안붙더라구요. 그러다가 오늘 확인해보니 구독자6만정도되는 덴뿌라 채널을 다른분께 양도하신걸로 보입니다. 일본어 관련 영상 다 내리시고.. 일상영상이 올라오는더라구요!   그리고 제작자분께서 '덴뿌라 일본어' 라는 채널을 새로 만드신걸로 보이네요.     제 질문은, 저도 현재 제작자님께서 운영하셨던 '덴뿌라' 라는 채널처럼,  일본어 단어를 음성녹음하여 영상 제작을 하고 있습니다. 시작한지 2개월정도되었고,어 구독자는 약 300명정도되구요.. 근데 제작자님께서는 왜 '덴뿌라' 채널을 다른분께 양도하시고 새롭게 '덴뿌라 일본어' 라는 채널을 만드셨는지 궁금합니다.    제가 조심스럽게 추측해보는건데.. 혹시 유튜브측에서 '얼굴이 나오지 않거나, 단순 음성 녹음만 하면 광고를 삽입해 줄 수가없다' 라는 코멘트를 받으신게 있으신건가요?  그래서 '덴뿌라 일본어' 라는 채널을 새로 개설하시고, 본인의 얼굴과 음성이 나오도록 영상을 다시 제작하시는 중이신건가요?    이런 질문을 왜 드리냐면.. 저도 현재 영상을 제작하는데 있어 상당한 시간과 노력이 소요됩니다. 퇴근 후, 개인정비 시간 없이 하루 약 4~5시간 정도 영상만 제작하고, 잘못된 정보를 공유하는게 아닐까 싶어 단어 하나도 찾아보고 또 찾아보면서 영상을 제작하고 있습니다. 그런데, 만약 위의 사유 등으로 ('얼굴이 나오지 않거나, 단순 음성 녹음만 하면 광고를 삽입해 줄 수가없다') 광고가 삽입되지 않는다면,  제가 제작하고 있는 영상을 그만 두는게 맞을것 같아서요. 근데 이러한 질문을 드릴 수 있는곳이 아무데도 없습니다. 구독자가 적어 유튜브측에 메일을 보낼 수도 없구요.. 그렇다고 관련 커뮤니티에 물어봐도 아는 사람이 없구요. 한가지 확실한건 본인 얼굴이 나오고 크리에이티브한 영상들이 '수익창출' 승인이 훨씬 빨리 된다는건 알고 있습니다.  근데 제 기준으로 이전에 덴뿌라님이 만드셨던 영상들 정도면 조회수도 잘 나오고 광고가 붙어도 이상하지 않을 것 같은데.. 근데 굳이 6만 구독자를 다른분께 양도하고.. 새롭게 '덴뿌라 일본어' 라는 채널을 만드신게 궁금합니다.   그리고 '덴뿌라 랭귀지' 라는 채널도 만드셨다가 삭제하신걸로 알고 있구요..   이전에 구독자 약 3천명이 있던 계정도 '무한 수익창출 검토' 에 빠져서 이러지도, 저러지도 못하고 그 간 영상 만들었던게 다 헛수고가 되었던 적이 있습니다. 물론 채널도 그냥 버렸구요.. 결국 6개월 후에.. '독창적이지 않은 컨텐츠' 라는 식의 거절사유를  이메일로 받게되어 매우 허무하고 아쉬웠던 적이 있습니다.   이번에만큼은 정말 수익창출이 승인되고 싶어서 이렇게 절실하게 여쭤봅니다.  혹시라도 유튜브측에서 받은 코멘트나.. 수익창출에 대한 기준이 이러이러 하니.. 영상을 이런식으로 제작하세요 ! 라는 등의 메세지를 받으신게 있다면.. 저에게 조금이라도 조언해주셨으면 좋겠습니다.   조언을 듣고 앞으로라도 영상을 수정해서 지금까지 만들었던 약 100개의 영상들이 무의미하지 않게 되었으면 좋겠습니다.   저는 덴뿌라님에게 같은 주제의 영상을 제작하여 피해를 주거나 경쟁구도로 가려고 하는게 절대 아닙니다. 구독자도 훨씬 미치지 못하고 그만한 지식이나 스킬도 있지 않습니다. 하지만 정말 열심히 제작하고 있습니다.   덴뿌라 채널을 오랜시간 봐오며 공부해왔던 애청자로써,  영상 주제를 카피하거나 복제 하는것이 아닌, '오마쥬'의 형태로 봐주시길 부탁드립니다.     정말 하루하루 힘들게 영상 만들고 구독자 1명씩 늘어나는거 보면서 행복해하는 소규모 크리에이터 입니다.     부디 꼭 답변 부탁드리며, 이 글이 타인에게 노출되는걸 원치 않으신다면 삭제하셔도 괜찮습니다.. 현재 댓글을 작성하는 이 계정은 본 계정이 아닙니다.. 따라서  제 개인 메일로 답변주시면 감사드리겠습니다 .아니면 이곳에 댓글로 답변주셔도 정말 감사드리겠습니다.   꼭 이 글을 봐주셨으면 좋겠네요.. 늦었는데 편한밤 되시길 바랍니다.     개인메일 : syg571212@gmail.com",0,1595521919.0760722,1 year ago
250,http://www.youtube.com/watch?v=xUNvB7Yy2Sg,좋은 일본어 공부 자료 올려 주시어 매우 감사합니다!!,3,1595521940.619161,11 months ago
251,http://www.youtube.com/watch?v=xUNvB7Yy2Sg,감사합니다. ^^,3,1595521940.6250827,6 months ago
252,http://www.youtube.com/watch?v=xUNvB7Yy2Sg,감사합니다,2,1595521940.6390684,9 months ago
253,http://www.youtube.com/watch?v=xUNvB7Yy2Sg,20:10 일본어만 ^^,1,1595521940.6447775,2 months ago
254,http://www.youtube.com/watch?v=xUNvB7Yy2Sg,감사합니다.,1,1595521940.6498606,1 month ago
255,http://www.youtube.com/watch?v=xUNvB7Yy2Sg,선생님의 영상컨텐츠를 보고 일본동화에 관심이 생겨 찾아보던 중 'Gonkitsune'라는 제목의 동화를 읽었는데.. 이 영상 내용과 거의 같더라구요! 이 스토리가 일본에서 유명한 전래 동화인가봐요 그런데... 제가 본 거에는 뒤에 여우가 총에 맞아 죽는 새드엔딩이라 멘붕왔어요 ㅠㅠ 흑.. 뭐가 진짜 원작 엔딩인가요? 안죽는 게 원래 엔딩이었으면 좋겠어요 ㅋㅋ,0,1595521940.65522,6 months ago
256,http://www.youtube.com/watch?v=dU-lSYlyzrM,동화는 넘 좋아요^^ 왕초보~탈출~하고싶어용~,0,1595522002.341859,6 months ago
257,http://www.youtube.com/watch?v=dU-lSYlyzrM,초보를 위해 만드셨다면 의역 보다는 직역을 하는게 더 좋지 않을까요?,1,1595522002.3468032,7 months ago
258,http://www.youtube.com/watch?v=dU-lSYlyzrM,蝕(むしば)む가 むしばり로 되어있는부분 이해 못했어요 ㅠㅠ,0,1595522002.351305,5 months ago
259,http://www.youtube.com/watch?v=dU-lSYlyzrM,속도가 빠르지않아서 듣기좋습니닺 감사드려요^^,0,1595522002.3554556,5 months ago
260,http://www.youtube.com/watch?v=dU-lSYlyzrM,그냥 좋습니다 ~^^,0,1595522002.3597128,7 months ago
261,http://www.youtube.com/watch?v=dU-lSYlyzrM,잘 봤습니다  구독했더니 간혹 메인으로 올라와서 보기가 좋습니다  감사합니다,0,1595522002.3641746,7 months ago
262,http://www.youtube.com/watch?v=IDDH4cvTgDM,일기 내용이 아기자기 합니다😁 이렇게 꼭 쓰고 싶어요😅,2,1595522029.3411553,6 months ago
263,http://www.youtube.com/watch?v=IDDH4cvTgDM,감사합니다 일기시리즈 더 생겼으면 좋겠어요!!  영상보면서 열심히 일기 써보겠습니다,3,1595522029.351788,1 year ago
264,http://www.youtube.com/watch?v=IDDH4cvTgDM,안녕하세요. 저도 일본어일기 시작했어요  그래서인지 이 유투브가 보이네요. 사람들이 알고리즘이 어짜고 하던대... 제껀 촌스러운대 멋지네요,1,1595522029.3632967,7 months ago
265,http://www.youtube.com/watch?v=IDDH4cvTgDM,일기쓰기~너무좋네요 저도 일기쓰기 도전해봅니다~^^,0,1595522029.3739464,3 weeks ago
266,http://www.youtube.com/watch?v=IDDH4cvTgDM,고맙습니다,1,1595522029.3818474,7 months ago
267,http://www.youtube.com/watch?v=IDDH4cvTgDM,감사합니다^^일어일기도전해야겠습니다,0,1595522029.3954837,1 year ago
268,http://www.youtube.com/watch?v=IDDH4cvTgDM,9:47,0,1595522029.4153657,9 months ago
269,http://www.youtube.com/watch?v=IDDH4cvTgDM,저도 한국어랑 일본어랑 섞어서 ㄴㅋ,0,1595522029.4202402,4 weeks ago
270,http://www.youtube.com/watch?v=IDDH4cvTgDM,ㅠ,1,1595522029.4312387,7 months ago
271,http://www.youtube.com/watch?v=fTeSwWIig3k,선생님의 위트에..완전 반함 ㅋㅋㅋ 영상 감사합니다~왕초보 탈출하는 그 날까지 나무꾼님과 콜라보레션 할께요~,3,1595522060.6028636,6 months ago
272,http://www.youtube.com/watch?v=fTeSwWIig3k,일어로 이야기 할때  로버트 처럼 말하는 것을 들어보니 참 어색한 느낌,4,1595522060.6073747,6 months ago
273,http://www.youtube.com/watch?v=fTeSwWIig3k,한국어 스피커의 목소리가 너무 이쁘네요...감정도 풍부하고...,1,1595522060.6122031,5 months ago
274,http://www.youtube.com/watch?v=fTeSwWIig3k,일본어  배운적  있는데    조금  이해된닼ㅋㅋㅋㅋㅎㅎ,0,1595522060.6169052,5 months ago
275,http://www.youtube.com/watch?v=fTeSwWIig3k,감사합니다,1,1595522060.6231673,1 year ago
276,http://www.youtube.com/watch?v=fTeSwWIig3k,"전유진양! 깊은몸속에서 우러나오는 비할데없는 풍부한 음량과 음정에맞는  팔과 머리의 귀여운율동을 더함은 어느가수에 비해도 감탄입니다.휼륭하게될때까지 응원할게요. 김제동 은 그자리,그위치가아님.",1,1595522060.6283147,3 months ago
277,http://www.youtube.com/watch?v=fTeSwWIig3k,완전 좋은 컨텐츠네요 구성도 좋습니다,1,1595522060.6329763,5 months ago
278,http://www.youtube.com/watch?v=fTeSwWIig3k,8:22 사슴은 --> 나뭇꾼은,0,1595522060.6371224,5 months ago
279,http://www.youtube.com/watch?v=fTeSwWIig3k,유용한 공부 자료 정말 감사합니다.  모두 외우고 싶네요!!,0,1595522060.641484,11 months ago
280,http://www.youtube.com/watch?v=fTeSwWIig3k,감사합니다,0,1595522060.6462715,4 months ago
281,http://www.youtube.com/watch?v=fTeSwWIig3k,예문에 요미가나도 있으면 좋겠습니다 (feat. 일본어 초보 ㅎㅎ),0,1595522060.6512523,2 months ago
282,http://www.youtube.com/watch?v=fTeSwWIig3k,0:31,1,1595522060.6560764,8 months ago (edited)
283,http://www.youtube.com/watch?v=fTeSwWIig3k,유용한 일본어 공부 잘합니다.선녀와 나뭇군  ㅎㅎ,1,1595522060.6602972,4 months ago
284,http://www.youtube.com/watch?v=fTeSwWIig3k,좋은 소재로 많은 공부가 됩니다.잘 부탁합니다.,0,1595522060.6644285,2 months ago
285,http://www.youtube.com/watch?v=fTeSwWIig3k,첨에 유해진씨 목소리인줄,0,1595522060.6689808,4 months ago
286,http://www.youtube.com/watch?v=fTeSwWIig3k,여자 일본어는 원어민 맞으신가요?? 한국어는 한국인 같은데  일본어는 중국인이 녹음한 것 처럼 들려요ㅠㅠ,0,1595522060.673171,4 months ago
287,http://www.youtube.com/watch?v=fTeSwWIig3k,고맙습니다.  열심히 공부하겠습니다!  늘 건강하세요!!!,2,1595522060.6775887,10 months ago
288,http://www.youtube.com/watch?v=fTeSwWIig3k,책을  사고싶네요,0,1595522060.6821718,1 month ago
289,http://www.youtube.com/watch?v=fTeSwWIig3k,たずねる もしかして、 ゆびさす 出て来て このおんを忘れません あいさつ 遠く 逃げる 恩返し 木こり お返し 密かに 池いけ そこにおのをおとして 大切 どうして にっこり笑って言いました 歌を歌いながら,3,1595522060.6869118,7 months ago
290,http://www.youtube.com/watch?v=3LLoBYx8Now,늘 잘보고있습니다!,0,1595522081.85752,1 year ago
291,http://www.youtube.com/watch?v=_2o_93AXe-w,이렇게 올려주기 위해서 얼마나 노고가 많으셨겠습니까...그 노고에 보답하기 위해서라도 열심히 듣고 외워서 하루빨리  니혼고노죠즈가 되렵니다...감사합니다...,0,1595522115.7697656,6 months ago
292,http://www.youtube.com/watch?v=_2o_93AXe-w,감사합니다~  끝부분이 특히 인상깊네요.,1,1595522115.7913978,10 months ago
293,http://www.youtube.com/watch?v=_2o_93AXe-w,근데 한자가 너무 많아서 따라 읽기 어려워요~~~~,1,1595522115.795988,11 months ago
294,http://www.youtube.com/watch?v=_2o_93AXe-w,정말..감사합니다..잘알아먹지는못하지만..공부가잘되요..,0,1595522115.811223,1 year ago
295,http://www.youtube.com/watch?v=_2o_93AXe-w,결국엔 사기꾼이였지 나무꾼이,0,1595522115.816826,6 months ago
296,http://www.youtube.com/watch?v=_2o_93AXe-w,"denppura.com 에 ""10. 은혜갚은 호랑이""가 올라와있지 않테요.  수고스럽지만, 좀 올려주세ㅇ",0,1595522115.8241124,11 months ago
297,http://www.youtube.com/watch?v=W7zjCX-m0gs,선생님 영상 감사해요,1,1595522146.6440308,1 year ago
298,http://www.youtube.com/watch?v=W7zjCX-m0gs,정말 좋은 곳을 알았네요. 처음 부터 찾아서 쓰기와 읽기를 해야겠습니다. 선생님 감사합니다  구독 알림 좋아요 하고 갑니다~,0,1595522146.6501222,6 months ago
299,http://www.youtube.com/watch?v=W7zjCX-m0gs,쏙쏙 머리에 입력되는 시스템이에요.감동의 감사를 표합니다,1,1595522146.65522,7 months ago
300,http://www.youtube.com/watch?v=W7zjCX-m0gs,덕분에 일본어 잘 배워 갑니다.,1,1595522146.667704,1 year ago
301,http://www.youtube.com/watch?v=W7zjCX-m0gs,새해 복많이 받으시고 행복하십시오.,0,1595522146.6765127,6 months ago
302,http://www.youtube.com/watch?v=qXkyhDt1usY,어디에서도 찾을수없는... 제가 가장 궁금해하고 답답했던 부분입니다!!!이런 좋은자료 너무너무 감사드립니다!! 마지막으로 빠른속도녹음버전도 올려주시면 너무좋을거같애요^^,7,1595522169.8269432,1 year ago
303,http://www.youtube.com/watch?v=qXkyhDt1usY,감사합니다.,0,1595522169.8319693,7 months ago
304,http://www.youtube.com/watch?v=qXkyhDt1usY,꼭듣고싶었던내용입니다.감사합니다,0,1595522169.8369377,1 week ago
305,http://www.youtube.com/watch?v=qXkyhDt1usY,완전 도움되요! 감사합니다!!!,0,1595522169.8417156,2 months ago
306,http://www.youtube.com/watch?v=JaGys_CmV3E,공유,0,1595522192.6272523,1 year ago
307,http://www.youtube.com/watch?v=utTdiw3-e4Q,ん이 뒤에 오는 は행이 오면 ㅁ 또는 ㅂ 乾杯 新聞 札幌 一杯,2,1595522219.5856025,10 months ago
308,http://www.youtube.com/watch?v=utTdiw3-e4Q,2:26:22 광고없애기,1,1595522219.5904238,3 months ago (edited)
309,http://www.youtube.com/watch?v=utTdiw3-e4Q,ありがとうございます。すごいです。,1,1595522219.5950058,4 months ago
310,http://www.youtube.com/watch?v=utTdiw3-e4Q,좋은 학습자료 감사합니다,1,1595522219.6005273,5 months ago
311,http://www.youtube.com/watch?v=utTdiw3-e4Q,"날아가는 스승,  기어가는 학생으로서 부끄럽지만 열심히 해볼려합니다 늘 많은 자료와 상세한 설명감사드리구요~~ 그런데 올려 놓은 옛날 자료 삭제하지 말아주시기를 부탁드려요~~ 특히 리딩 문장 1~7회요",5,1595522219.6064026,1 year ago
312,http://www.youtube.com/watch?v=utTdiw3-e4Q,일본어 초보자인데요~마치 다 들리는 것 같습니다~^^ 감사합니다~^^,1,1595522219.610844,9 months ago
313,http://www.youtube.com/watch?v=utTdiw3-e4Q,감사합니다!,0,1595522219.6147156,1 year ago
314,http://www.youtube.com/watch?v=utTdiw3-e4Q,감사 합니다 내게는 딱좋은 공부가 되네요,0,1595522219.618167,7 months ago
315,http://www.youtube.com/watch?v=utTdiw3-e4Q,15:22,0,1595522219.6218314,3 months ago
316,http://www.youtube.com/watch?v=utTdiw3-e4Q,감사 합니다 어떤 규칙없이 이것 저것 자꾸 반복하여 듣다보니 귀가 조금씩 뚤리는것 같습니다,0,1595522219.6254258,5 months ago
317,http://www.youtube.com/watch?v=utTdiw3-e4Q,환타스틱하고 아방가르드하게 혓바닥을 씨부리면서 엌 영상과 자료 고맙습니다.,0,1595522219.6300986,1 month ago
318,http://www.youtube.com/watch?v=utTdiw3-e4Q,일본어 일기가 안보이네요^  재미있었는데요~,2,1595522219.6357217,1 year ago
319,http://www.youtube.com/watch?v=utTdiw3-e4Q,덴뿌라가 아니고 템프라,2,1595522219.641948,10 months ago
320,http://www.youtube.com/watch?v=utTdiw3-e4Q,문법공부에 도음되고 여행에 많은도움되고있어요,0,1595522219.6466453,10 months ago
321,http://www.youtube.com/watch?v=utTdiw3-e4Q,처음 강의전에 프린트가 가능하시다고하셨는데 방법좀 알려주시기바랍니다.,0,1595522219.6508765,8 months ago
322,http://www.youtube.com/watch?v=utTdiw3-e4Q,덴뿌라의  덴은  하늘 천 .  정말 하늘같은  자료이군요  땅바닥  기기부터 시작해서 하늘을 날아 보려구요  인천에서 최병준 카톡  yourid2,0,1595522219.6556215,8 months ago
323,http://www.youtube.com/watch?v=utTdiw3-e4Q,이리로 이사오신거 맞죠??,1,1595522219.6604176,1 year ago
324,http://www.youtube.com/watch?v=utTdiw3-e4Q,안녕하세요? 프린트를 하고싶은데 그 방법을 알려주시면 감사하겠습니다. 010-2768-8152로 문자주시기바랍니다.,0,1595522219.666799,7 months ago
325,http://www.youtube.com/watch?v=utTdiw3-e4Q,ㅈㄴㅇ,0,1595522219.674062,3 months ago
326,http://www.youtube.com/watch?v=utTdiw3-e4Q,TV TOKYO 뉴스 한일 관계 [일본어] https://youtu.be/QIANGwNbJIg,0,1595522219.6794233,1 year ago
327,http://www.youtube.com/watch?v=utTdiw3-e4Q,P,0,1595522219.684064,2 months ago
328,http://www.youtube.com/watch?v=utTdiw3-e4Q,덴뿌라 일본어 정말 감사드립니다 열심히 공부하겠습니다,0,1595522219.688932,1 year ago
329,http://www.youtube.com/watch?v=G_VaPsnPvTI,울었쪄영ㅠㅠ,1,1595522243.4100018,11 months ago
330,http://www.youtube.com/watch?v=G_VaPsnPvTI,인트로에 동화 소개해주는 선생님 멘트가 너무 좋아요ㅋㅋㅋ,1,1595522243.4146082,4 months ago
331,http://www.youtube.com/watch?v=G_VaPsnPvTI,항상 잘 활용하고 있습니다. 좋은 자료 감사합니다.,1,1595522243.418712,1 year ago
332,http://www.youtube.com/watch?v=G_VaPsnPvTI,.ㅡ. .^.,0,1595522243.4228985,5 months ago (edited)
333,http://www.youtube.com/watch?v=SxkCCENuWFw,금도끼 은도끼를 일본어로 들을 수 있다니! 너무 좋은 공부였어요!:) 저는 영어 동화뿐인데..!ㅎㅎㅎ 좋은 강의와 같은 동화! 감사합니다♥,1,1595522265.061269,1 year ago
334,http://www.youtube.com/watch?v=SxkCCENuWFw,판타스틱하고 아방가르드한 이야기속으로 푹~!@😁,0,1595522265.0662708,11 months ago
335,http://www.youtube.com/watch?v=SxkCCENuWFw,단어설명이랑잘되어있네요~감사합니당,0,1595522265.071016,10 months ago
336,http://www.youtube.com/watch?v=SxkCCENuWFw,はいそうです。ハハハ、君はまことに正直なひとだ。 木こりは、山から  正直な木こりの話  投げる 投げたら どうしよう すると 仙人は金の斧、銀の斧 これは君の物か 嘘をつく こら、嘘をつくな。 どんなに待っても欲張り たった 後悔こうかい,0,1595522265.0760272,1 month ago
337,http://www.youtube.com/watch?v=SxkCCENuWFw,다시 전래동화 시작했네요.. 잼있고 다시 하니씩 집어봅니다 항상감사합니다~~,0,1595522265.080944,11 months ago (edited)
338,http://www.youtube.com/watch?v=dXY1BAd16ls,덕분에 일본어를 많이 외웠어요.^^,2,1595522289.047988,8 months ago
339,http://www.youtube.com/watch?v=dXY1BAd16ls,전래동화는 언제나 교훈과 재미가 있어요. 감사합니다~^^,2,1595522289.0529785,6 months ago
340,http://www.youtube.com/watch?v=dXY1BAd16ls,ㅎ 넘넘 재밌는 일본동화네요 아주 조금 알아듣지만.. 즐겁게 공부할 수있어서 고맙습니다,1,1595522289.0576856,7 months ago
341,http://www.youtube.com/watch?v=Yv6YnMtrAe0,일본어 좀 한다고 생각했다가 이런 내용을 보면 아.. 아직 멀었구나 라는 생각이 절로 듭니다. 더 열심히 해야겠네요,3,1595522311.7891521,7 months ago
342,http://www.youtube.com/watch?v=Yv6YnMtrAe0,고맙습니다ᆢ 일어동화를ᆢ전부써보구ᆢ읽고ㆍ듣고ᆢ계속반복했는데ᆢ 갑자기ᆢ사라져서ᆢ난감했었는데ᆢ 하나씩ᆢ다시올려주시네요ᆢ,5,1595522311.792743,1 year ago
343,http://www.youtube.com/watch?v=Yv6YnMtrAe0,12:50,1,1595522311.7973511,10 months ago
344,http://www.youtube.com/watch?v=Yv6YnMtrAe0,전래동화 심화학습  하고있어요.. 항상 감사합니다 건강하셔요~~^,0,1595522311.802494,10 months ago
345,http://www.youtube.com/watch?v=Yv6YnMtrAe0,감사하 보고 있읍니다,0,1595522311.8079948,6 months ago
346,http://www.youtube.com/watch?v=Yv6YnMtrAe0,오랜만에 일본어 공부하고싶었는데 어렵게 하기는 싫고 동화읽고싶었는데 재밌고 유익하네요^^,0,1595522311.8128023,2 months ago
347,http://www.youtube.com/watch?v=Yv6YnMtrAe0,고맙습니다.,0,1595522311.8180704,1 month ago
348,http://www.youtube.com/watch?v=Yv6YnMtrAe0,ㅜㅜ 돼지가 넘 불쌍하네요 안타깝네요,0,1595522311.822493,7 months ago
349,http://www.youtube.com/watch?v=Yv6YnMtrAe0,좋은연습이네요.,0,1595522311.8271456,2 months ago
350,http://www.youtube.com/watch?v=Yv6YnMtrAe0,^^ 감사합니다,0,1595522311.8317559,6 months ago
351,http://www.youtube.com/watch?v=Yv6YnMtrAe0,왜 우리 원수인 일본의언어로 봐야할까?,0,1595522311.8363976,6 months ago
352,http://www.youtube.com/watch?v=OplH9rZcsFs,"항상 잘보고 있습니다,감사합니다.",1,1595522333.1490018,8 months ago
353,http://www.youtube.com/watch?v=OplH9rZcsFs,감사합니다~~~,1,1595522333.153835,11 months ago
354,http://www.youtube.com/watch?v=OplH9rZcsFs,강의 감사합니다,0,1595522333.1584315,4 months ago
355,http://www.youtube.com/watch?v=OplH9rZcsFs,강의 감사합니다,0,1595522333.1631324,2 months ago
356,http://www.youtube.com/watch?v=OplH9rZcsFs,정말 잘보고있습니다 슬슬 들리기 시작하네요,0,1595522333.1678734,3 months ago
357,http://www.youtube.com/watch?v=OplH9rZcsFs,면상 제끼기라니ㅋㅋㅋㅋ,1,1595522333.1723437,1 year ago
358,http://www.youtube.com/watch?v=DKEHRREa1dQ,딱 필요한 표현들입니다! 바로 유용하게 쓸 수 있겠네요! 감사합니다💕,0,1595522358.6367471,11 months ago
359,http://www.youtube.com/watch?v=hUy2XiXvpT8,감사합니다~~^^,0,1595522382.294379,1 year ago
360,http://www.youtube.com/watch?v=hUy2XiXvpT8,감사합니다~^^ 왕초보 탈출도 가능한가요?? ㅋㅋ열공하겠습니다~,0,1595522382.2993257,6 months ago
361,http://www.youtube.com/watch?v=hUy2XiXvpT8,감사합니다...^^,0,1595522382.3038626,1 month ago
362,http://www.youtube.com/watch?v=Wkg45_tSDKY,1. 도코데 아이마 쇼카 어디에서 만날까요 2. 난지니 아이마쇼카 3. 도치라가 요로시이데스카 4. 이츠데모 켓코우데스 5. 소레데 켓코우데스 6. 소레데 요로시이데스카 7. 에고와 하마세마스카  8. 키이타코토가 아리마스까 9. 도우시마시타카 무슨일이에요 10 사이키 도우데스카 요즘 어떻게 지내요 11 마타아토데 아이마쇼 다음에 봐요 12 혼토니 아리가또고자이마스 13 소레데 다이죠부데스 그렇게 하면 되겠네요 14 도모 아리가또고자이마스 15,52,1595522405.9785433,6 months ago
363,http://www.youtube.com/watch?v=Wkg45_tSDKY,한자도 ()괄호안에 히라가나로 표기했으면 더 좋을 것 같습니다.,16,1595522405.981546,7 months ago
364,http://www.youtube.com/watch?v=Wkg45_tSDKY,"52:55 부분, 외화 발음이 좀 이상해요...오류인 듯합니다.",4,1595522405.9842658,5 months ago
365,http://www.youtube.com/watch?v=Wkg45_tSDKY,일본어 공부에  도움이 많이 됩니다. 감사합니다,8,1595522405.9868739,11 months ago
366,http://www.youtube.com/watch?v=Wkg45_tSDKY,영상이 너무좋네요 앞으로도 이런영상 자주얼려주세요^^,5,1595522405.9894266,7 months ago
367,http://www.youtube.com/watch?v=Wkg45_tSDKY,29:55 오류,14,1595522405.9923859,11 months ago
368,http://www.youtube.com/watch?v=Wkg45_tSDKY,ありがとうございました😊,4,1595522405.9950428,11 months ago
369,http://www.youtube.com/watch?v=Wkg45_tSDKY,毎日きいています どうもありがとうございます 頑張ります🤗,1,1595522405.9977021,6 months ago
370,http://www.youtube.com/watch?v=Wkg45_tSDKY,이렇게 연속으로 듣고 하니 정말 유익한 방송이네요,10,1595522406.0003989,7 months ago
371,http://www.youtube.com/watch?v=Wkg45_tSDKY,와 들을수록 진짜 잘 만들어진 영상이네여. 진짜 공부하기에 최적으로 만들어졌네요!,21,1595522406.0030327,10 months ago
372,http://www.youtube.com/watch?v=Wkg45_tSDKY,8:35,3,1595522406.0062256,8 months ago
373,http://www.youtube.com/watch?v=Wkg45_tSDKY,괜찮은 편이네요.공부하기 속도도 괜찮고.,3,1595522406.0095074,6 months ago
374,http://www.youtube.com/watch?v=Wkg45_tSDKY,발음이 잘 들려서 좋다!,1,1595522406.0125773,3 months ago
375,http://www.youtube.com/watch?v=Wkg45_tSDKY,여러가지로 많은 도움받고 있어서 늘 감사한 마음으로 공부하고 있습니다 그런데 한가지 의문점이 있는데요 일본어 읽어주시는 분 말 속도가 너무 느려서요 통상 일상적으로 하는 대화보다도 훨씬 느려서 오히려 신경이 쓰일정도입니다 그래야 되는 무슨 특별한 이유가 있는건지 정말 궁금합니다,11,1595522406.0153866,11 months ago (edited)
376,http://www.youtube.com/watch?v=Wkg45_tSDKY,도코데 아이마 쇼카 아디서 만날까요 난지미 아이마 쇼카 몇시에 만날까요 도치라가 요로시이데스까 어떤쪽이 좋습니까? 이츠데모 켓코우데쓰 언제라도 좋습니다 소레데 켓코우데쓰 그거 좋겠네요 소레데 요로시이데스까? 그래도 괜찮으시겠어요? 에고와 하나세마스까? 영어 할 줄 아세요? 키이타 코토가 아리마스까? 들은적 있습니까? 도우시마시다까? 무슨 일이에요?,2,1595522406.0182521,5 months ago (edited)
377,http://www.youtube.com/watch?v=Wkg45_tSDKY,5:43 bookmark,0,1595522406.021523,5 months ago (edited)
378,http://www.youtube.com/watch?v=Wkg45_tSDKY,2:18 와가 은/는 이아니라 을/를 로도 사용하나요,0,1595522406.0243416,2 months ago
379,http://www.youtube.com/watch?v=Wkg45_tSDKY,ありがとうございます とうぞよろしくおねがいします。明日会いましょう,1,1595522406.027008,4 months ago
380,http://www.youtube.com/watch?v=Wkg45_tSDKY,0:42 시작!,3,1595522406.0296457,4 months ago
381,http://www.youtube.com/watch?v=Wkg45_tSDKY,공부 잘하고 있습니다~~,0,1595522406.032762,7 months ago
382,http://www.youtube.com/watch?v=Wkg45_tSDKY,"감사드립니다 열심히 배우고 있습니다3번씩, 반복해 주시니 외우기에 많은 도움이 됩니다~^^ 속도도 적당하고요^^",13,1595522406.0365474,11 months ago
383,http://www.youtube.com/watch?v=Wkg45_tSDKY,일본어 발음도 적어주셨으면 더 좋았을 것 같아요! 유용하네요 잘 배우고 갑니다 👍👍,0,1595522406.040343,1 month ago
384,http://www.youtube.com/watch?v=Wkg45_tSDKY,00:45,1,1595522406.0445392,5 months ago
385,http://www.youtube.com/watch?v=Wkg45_tSDKY,유익하고 즐겁게 배우고 있어요ㆍ감사합니다^^~,0,1595522406.048124,2 months ago (edited)
386,http://www.youtube.com/watch?v=Wkg45_tSDKY,하루 두개씩만 외워야지 ... 5/1   1.도쿄데 아이마 쇼카   어디에서 만날까요?? 2.난지니  아이마 쇼카 [아이마 쇼카 = 만날까요] 5/2 3.도치라가  요오시이데스카 어떤쪽이 좋습니까? 4.이츠데모 겟코우데스 언제라도 좋습니다,1,1595522406.0524125,2 months ago (edited)
387,http://www.youtube.com/watch?v=Wkg45_tSDKY,1:00:55,1,1595522406.056426,6 months ago
388,http://www.youtube.com/watch?v=Wkg45_tSDKY,18:04,0,1595522406.0604248,6 months ago
389,http://www.youtube.com/watch?v=Wkg45_tSDKY,덕분에 공부 잘 하고있습니다. 고맙습니다.,0,1595522406.0638835,5 months ago
390,http://www.youtube.com/watch?v=Wkg45_tSDKY,코노지캉와 고츠이가 와르이데스까? 지금 시간은 바쁘신가용 이소가시이데스까 바쁘세요?,1,1595522406.067541,5 months ago (edited)
391,http://www.youtube.com/watch?v=Wkg45_tSDKY,의역이 너무 많음..,1,1595522406.0701895,10 months ago
392,http://www.youtube.com/watch?v=Wkg45_tSDKY,감사합니다.정말 초보가 듣기좋고 좋습니다.,0,1595522406.0728211,2 weeks ago
393,http://www.youtube.com/watch?v=Wkg45_tSDKY,0:46,0,1595522406.0755332,5 months ago
394,http://www.youtube.com/watch?v=Wkg45_tSDKY,감사합나다. .덴뿌라상,0,1595522406.0782802,2 weeks ago
395,http://www.youtube.com/watch?v=Wkg45_tSDKY,방탄 지민 아버지 같이 생기셨어요 ㅌㅌㅌㅌ,0,1595522406.0809336,3 months ago
396,http://www.youtube.com/watch?v=Wkg45_tSDKY,00:46,0,1595522406.0837064,4 months ago (edited)
397,http://www.youtube.com/watch?v=Wkg45_tSDKY,사이코!,0,1595522406.0863547,2 months ago
398,http://www.youtube.com/watch?v=Wkg45_tSDKY,１３:４９부분 한턱 내도 괜찮을까요? 부분에 一杯보다 僕に 제가 내게해주세요가 더 자연스럽지 않나요?,0,1595522406.0889275,11 months ago
399,http://www.youtube.com/watch?v=Wkg45_tSDKY,오하나시 스르노니 고츠고노 이 시간와 아리마스 까? 대화나눠도 괜찮은 시간이 있냐는 문장에서 고츠고노? 그 부분은 무슨뜻인가요? 이야기하는데 ××××(요부분) 좋은 시간은 있습니까? 저부분이 없으면 말이 안되나요??,0,1595522406.0915174,7 months ago
400,http://www.youtube.com/watch?v=Wkg45_tSDKY,17:38,0,1595522406.0941763,1 month ago
401,http://www.youtube.com/watch?v=Wkg45_tSDKY,일본어 고맙습니다,0,1595522406.0968113,9 months ago
402,http://www.youtube.com/watch?v=Wkg45_tSDKY,들을수록 일본어가 다 외워진 기분이예요 감사합니다~~~~.,10,1595522406.099506,10 months ago
403,http://www.youtube.com/watch?v=Wkg45_tSDKY,0:45,7,1595522406.1031604,1 year ago
404,http://www.youtube.com/watch?v=Wkg45_tSDKY,오모이마스는 무슨뜻인가요  ~라고 생각합니다 인가요 ~~하겠습니다 인가요 둘다 쓰이던데 아닌가여 알려주세여ㅜㅜ,0,1595522406.1064692,7 months ago
405,http://www.youtube.com/watch?v=Wkg45_tSDKY,逢おう와 お会いしましょう에 차이점이 뭔가요?,0,1595522406.109459,4 months ago
406,http://www.youtube.com/watch?v=Wkg45_tSDKY,일본은 대부분 높임표현인건가요? 아니면 해석을 그냥 높임으로 한건가요??,0,1595522406.1125095,2 months ago
407,http://www.youtube.com/watch?v=Wkg45_tSDKY,1:40,0,1595522406.115949,10 months ago
408,http://www.youtube.com/watch?v=Wkg45_tSDKY,29:35 오류,2,1595522406.1198175,11 months ago
409,http://www.youtube.com/watch?v=Wkg45_tSDKY,1:00:56,0,1595522406.1232553,3 months ago
410,http://www.youtube.com/watch?v=Wkg45_tSDKY,시르나니,0,1595522406.1260483,3 months ago
411,http://www.youtube.com/watch?v=Wkg45_tSDKY,"켓코오데스는 ""됐습니다"" 거절에 뜻 아닌가요??",0,1595522406.1287155,10 months ago
412,http://www.youtube.com/watch?v=Wkg45_tSDKY,도찌라가 요로시이데스까? 이쯔데모 케코데스 소레데 케코데스 소레데 다이죠부데스,0,1595522406.1314356,5 months ago (edited)
413,http://www.youtube.com/watch?v=Wkg45_tSDKY,그냥 간단히 일본여행가서 사용하는 정도의 말이네요,0,1595522406.1341083,5 months ago
414,http://www.youtube.com/watch?v=Wkg45_tSDKY,일본어 공부중인데 도움이 많이 됩니다 ㅠㅠ 감사합니다,4,1595522406.1369383,1 year ago
415,http://www.youtube.com/watch?v=Wkg45_tSDKY,혼또니 도모 아리가또 고자이 마스,1,1595522406.1398337,11 months ago
416,http://www.youtube.com/watch?v=Wkg45_tSDKY,와..  컴퓨터 음성이 아닌것만으로도 정말 감사합니다. 일본어 할때 억양이 정말 궁금했거든요. 자주 들으러 오겠습니다!,1,1595522406.1425014,10 months ago
417,http://www.youtube.com/watch?v=Wkg45_tSDKY,뭐야 왜내가공부한 일본어랑 다르지? 완전다른표현이 엄청많네 뭐지? 실전일본어인가? 물을 미즈라고 배웠는데 실전에서 오히야 라고하는것처럼?,0,1595522406.1451895,3 months ago
418,http://www.youtube.com/watch?v=Wkg45_tSDKY,인지 하기 전에 너무 빨리 넘어가네요  참고 해 주세요 ^^,4,1595522406.1478252,8 months ago
419,http://www.youtube.com/watch?v=Wkg45_tSDKY,It would be better if the Japanese characters were written in Hiragana () in parentheses.,0,1595522406.1504202,1 month ago
420,http://www.youtube.com/watch?v=Wkg45_tSDKY,하지메마소 뜻이무엇인가요?,0,1595522406.1530173,2 months ago
421,http://www.youtube.com/watch?v=Wkg45_tSDKY,오늘도 한시간 공부했어요.. 조금씩조금씩  공부해서 NHK뉴스를 듣는 그날까지.. 덴뿌라님 1단ᆞ5단은 뭘 말하는건가요.??. 오늘도 감사합니다.         울산 아줌마..,2,1595522406.155788,1 year ago
422,http://www.youtube.com/watch?v=Wkg45_tSDKY,"일본에서 실제로 정말 많이 쓰는 표현이 많아서 좋은데요,여자분 발음이..조금.ㅠ",2,1595522406.158334,11 months ago
423,http://www.youtube.com/watch?v=Wkg45_tSDKY,물소리를 왜 넣은거지?,0,1595522406.16111,8 months ago
424,http://www.youtube.com/watch?v=Wkg45_tSDKY,불매운동 ㄱ,2,1595522406.1637921,11 months ago
425,http://www.youtube.com/watch?v=Wkg45_tSDKY,"아저씨 촌스럽다,",1,1595522406.1664689,7 months ago
426,http://www.youtube.com/watch?v=JixaCNGuRBg,너무 재미있는 동화를 들으면서 공부까지!!!  저에게는 영어 동화 뿐인데..  일본어까지! 너무 유익하네요 감사합니다♥,3,1595522436.4028401,1 year ago
427,http://www.youtube.com/watch?v=JixaCNGuRBg,안그래도삭제되서ᆢ난감했었는데ᆢ 항상고맙습니다ᆢ 우산ㆍ부채장수도ᆢ삭제되었네요ᆢ ㅠ,1,1595522436.406085,1 year ago
428,http://www.youtube.com/watch?v=JixaCNGuRBg,다시  전래동화 심화 공부 시작했어요 저두  이젠 중급으로 래벨엎 할래요.. 열심히 할게요.. 항상감사합니다..,0,1595522436.409392,11 months ago
429,http://www.youtube.com/watch?v=JixaCNGuRBg,고맙습니다.  잘 활용하겠습니다.,0,1595522436.413297,10 months ago
430,http://www.youtube.com/watch?v=JixaCNGuRBg,일본어동화 책은 살수 없나요,1,1595522436.4171445,7 months ago
431,http://www.youtube.com/watch?v=D9AJp4R0EwQ,좋은 영상 감사합니다.,0,1595522459.6110985,1 year ago
432,http://www.youtube.com/watch?v=D9AJp4R0EwQ,유용한 표현입니다. 군더더기 설명없이 집중적으로 말하기 연습할 수 있어 좋네요. 감사합니다!,0,1595522459.6161716,11 months ago
433,http://www.youtube.com/watch?v=fEtepPlS9KQ,요하이요 고자이마스 곤니치와 곤방와 오야스미 나사이 하지메 마시떼 자 마타 마타 아이마쇼 마타 아시타 사요나라 오히사시부리데스 고부사타시떼마스 아리가토 고자이마스  도 이따시마시떼 오카케 사마데 오사키이 시츠레이마스 오사키니 도 조 스미마셍 고멘나사이 모우시와케 아리마셍 하이 이 에 시츠레이시마스 오자마시마스 이랏샤이마세 잇떼.이랏샤이 잇떼키마스 다다이마 오카에리나사이 이따다키마스 고치소마사데시타 오메데또 고자이마스 감밧떼 구다사이 소 데스 와카리마시다 와카리마셍 카시코마리마시가 모찌롱데스 오겡티데스카 겍코데스 오츠가레사마데시다 촛또 맛떼 구다사이 쇼쇼 오마치구다사이 요로시쿠 오에가이시마스 고레까라 오세와니 나리마스 다이죠부데스 카마리마셍 요리시이 데스까 타스케떼 구다사이 키오 츠케떼 구다사이 오다이지니 오마타세 시마시타 아테마시떼 오메데또 고자이마스 이끼마쇼 스구니 모도리마스 오쿠레떼 스미마셍 키니 시나리데 구다사이 도 조 오하이리 구다사이 도 조 오스와리 구다사이,12,1595522482.116787,9 months ago
434,http://www.youtube.com/watch?v=fEtepPlS9KQ,어제부터 히라가나 익히기 시작한 초보입니다. 선생님 채널 최고입니다. 1년후 잘하게된다면 선생님 덕분일겁니다. 감사합니다.,4,1595522482.1210222,9 months ago
435,http://www.youtube.com/watch?v=fEtepPlS9KQ,선생님 '고치소 사마데시타' 오타났어요 ㅎㅎ '고치소 마사데시타'라고 이렇게 좋은 영상 만들어주셔서 감사합니다 ㅎㅎ,5,1595522482.125025,11 months ago
436,http://www.youtube.com/watch?v=fEtepPlS9KQ,목소리 이쁘다,1,1595522482.129359,4 months ago
437,http://www.youtube.com/watch?v=fEtepPlS9KQ,이제 히라카나 시작했는데 한글 자막도 같이해주시니 많은 도움이 됩니다 감사 합니다 👍👍👍,0,1595522482.1334813,3 weeks ago
438,http://www.youtube.com/watch?v=fEtepPlS9KQ,이렇게 많은 인삿말이 있었군요~ 자주보고 숙지하겠습니다 감사합니다.,1,1595522482.137827,9 months ago
439,http://www.youtube.com/watch?v=fEtepPlS9KQ,"안녕하세요 저는 일본인입니다! 7:27 ""ごちそうさまでした(잘먹었습니다)""는 ""고치소마사데시타"" 가아니라 ""고치소사마데시타"" 가 맞습니다!",1,1595522482.1422212,3 months ago (edited)
440,http://www.youtube.com/watch?v=fEtepPlS9KQ,福島の原発事故の放射能の放出量は チェルノブイリの500倍なのよ  みんな知ってるの？,0,1595522482.1464367,7 months ago
441,http://www.youtube.com/watch?v=fEtepPlS9KQ,소리만이라도 익히고 싶었는데 정말 감사합니다!,1,1595522482.1512277,11 months ago
442,http://www.youtube.com/watch?v=fEtepPlS9KQ,"한국어녀가 정말 열심히, 상황극에 몰입 하는군요.",0,1595522482.1562877,10 months ago
443,http://www.youtube.com/watch?v=fEtepPlS9KQ,다른것도 많이해봐요,0,1595522482.1601899,11 months ago
444,http://www.youtube.com/watch?v=fEtepPlS9KQ,日本語がおかしい  中華人使ったの？ 安いから？,1,1595522482.1644175,7 months ago
445,http://www.youtube.com/watch?v=fEtepPlS9KQ,🇯🇵🎌,1,1595522482.1680312,5 months ago
446,http://www.youtube.com/watch?v=-W7dyJhKkJ0,そして그리고。それから그리고나서。それに게다가。すると그러자、~。それなら그렇다면。だから그래서。それで그래서。しかし그러나。でも、だって、그렇지만。,2,1595522509.3624077,11 months ago
447,http://www.youtube.com/watch?v=-W7dyJhKkJ0,땡잡았네요! 감사합니다!💕,1,1595522509.36574,11 months ago
448,http://www.youtube.com/watch?v=-W7dyJhKkJ0,けれでも그렇지만.それでは그러면.つまり즉.例えば예를들면,3,1595522509.3697746,11 months ago
449,http://www.youtube.com/watch?v=-W7dyJhKkJ0,덴뿌라센세  아리가또 고자이마스,1,1595522509.3734517,11 months ago
450,http://www.youtube.com/watch?v=-W7dyJhKkJ0,덴뿌라 일본어 교재구입 연락처 를 알려주시면 감사하겠습니다.^^,0,1595522509.3765547,2 months ago
451,http://www.youtube.com/watch?v=-W7dyJhKkJ0,덴뿌라일본어 너무 👍,0,1595522509.379709,1 month ago
452,http://www.youtube.com/watch?v=-W7dyJhKkJ0,너무 잘 보고 있습니다. 올라오는 대로.. 하지만 밑에 한글 읽기  표시 때문에 일본어 히라가나에는 눈이 잘 안가지네요. 한자 위에 히라가나 표시만으로도 충분할것 같은데...  제 생각 만인가요?,2,1595522509.384216,1 year ago
453,http://www.youtube.com/watch?v=-W7dyJhKkJ0,○　そして　 読んだ。そして　考えた。     ○　それから  テレビお見た。それから　勉強おした。    ○　それに  あたまがいたい。それに かぜ気味だ。   ○　すると  門おたたいた。するとむすめが出てきた。    ○　それなら  それなら話は簡単だ。    ○　だから  山本さんはよく運動する。だから丈夫なんだ。 だから　どうだと　言うのだ      ○　それで  彼は 弱い。それで　よく薬おのむ。 雨が降った。それで、試合はなかった。     ○　しかし  遊びに行きたい。しかし　お金がない。 彼は頭がいい。しかし　運動はだめだ。    ○　でも  努力した。でもいい成績は取れなかった。    ○　けれども  この本は難しい。けれども面白い本だ。 たいへん便利なものです。けれども、値段が高 すぎるんです。   ○　それでは＝じゃ  それでは、これから会合を開きます。    ○　つまり  あの人は僕の父の弟です。つまり、僕のおじです。        ○　　例えば  好きな花、例えばローズなど。。。,1,1595522509.3901114,6 months ago
454,http://www.youtube.com/watch?v=YVXf8ZEtesU,계속해주세요댄뿌라일어참 좋아요,1,1595522527.978897,2 months ago
455,http://www.youtube.com/watch?v=YVXf8ZEtesU,うまい。すてきだ。すごいね。すばらしい。えらいね。まったく。かまいません。でかしたぞ。そうだとおもいます。,0,1595522527.9834895,11 months ago
456,http://www.youtube.com/watch?v=YVXf8ZEtesU,そうだといいですか。なるほど。おきのどくな(に).そうですね。そりゃそうですね。そうですとも。そのとおりです。けっこうです。おやおや。まさか。しるまい。,0,1595522527.9882736,11 months ago
457,http://www.youtube.com/watch?v=YVXf8ZEtesU,はんたいだ。これはこれは。あれあれ。おどろいた。それごらん。それわいけませんね。なんでっすって。,0,1595522527.9928718,11 months ago
458,http://www.youtube.com/watch?v=YVXf8ZEtesU,どうかんです。もちろです。よろこんで。いいですよ。どうですかね。そうじゃないで。しりません。ちがいます。そうでしょね。たぶん。ありうる。しかた。そうだそうです。とんでもないですよ。あのね。,0,1595522527.997438,11 months ago
459,http://www.youtube.com/watch?v=YVXf8ZEtesU,ききとれませんが。おっしゃってください。おわかりですか。ここまでわ。どうもわかりません。,0,1595522528.0022306,11 months ago
460,http://www.youtube.com/watch?v=_5xu5jlr1_U,감사합니다 ㆍ좋은 자료로 편하게  공부합니다,2,1595522547.3711622,8 months ago
461,http://www.youtube.com/watch?v=_5xu5jlr1_U,일본어 공부가 큰 도움이 되네요. 고맙습니다.,2,1595522547.3746057,10 months ago
462,http://www.youtube.com/watch?v=_5xu5jlr1_U,아침에 한시간 공부했네요~~ 많이 도움됐어요.. 감사합니다.. 행복한 하루되시길...,1,1595522547.3779213,1 year ago
463,http://www.youtube.com/watch?v=_5xu5jlr1_U,정말 감사합니다!,1,1595522547.381159,1 year ago
464,http://www.youtube.com/watch?v=_5xu5jlr1_U,"영상 잘 봤습니다. 덕분에 일본어공부 열심히 하고있습니다! 그런데 한가지 궁금한 점이 있습니다.  きもしょうねんのことがだいすきでした。 여기에서 のこと 가 왜 붙는지, 무슨 뜻인지 알수있을까요?? 나무도 소년을 매우 좋아했습니다. 는 きもしょうねんがだいすきでした。 이렇게 써도 되는거 아닌가요?ㅠㅠ",0,1595522547.3843899,6 months ago
465,http://www.youtube.com/watch?v=_5xu5jlr1_U,마이니찌 혼또니 아리가또 고자이마스,1,1595522547.3873885,1 year ago
466,http://www.youtube.com/watch?v=_5xu5jlr1_U,너무 감사합니다,0,1595522547.3901596,3 months ago
467,http://www.youtube.com/watch?v=_5xu5jlr1_U,감사합니다.,0,1595522547.3932083,9 hours ago
468,http://www.youtube.com/watch?v=_5xu5jlr1_U,많이 공부하고 있어요,0,1595522547.3968487,6 months ago
469,http://www.youtube.com/watch?v=r3iFYt9a9Ww,6:42 예문 반복 청취,0,1595522570.6802309,1 year ago
470,http://www.youtube.com/watch?v=r3iFYt9a9Ww,교재를 구입하려고 합니다. 연락처를 알려 주시면 감사하겠습니다.^^ 연락처: 010-5234-0217 변봉화 입니다.,0,1595522570.6848023,2 months ago
471,http://www.youtube.com/watch?v=r3iFYt9a9Ww,선생님 57번 부터는 언제 올라 오나요??,0,1595522570.6892438,10 months ago
472,http://www.youtube.com/watch?v=w1PIOywkLhs,4:30 우에니 인데 나까니 로 카타카나되어있어요!,0,1595522589.7237892,1 year ago
473,http://www.youtube.com/watch?v=w1PIOywkLhs,열심히 배우고있습니다~^,0,1595522589.7280495,1 year ago
474,http://www.youtube.com/watch?v=w1PIOywkLhs,오늘도 열심히 공부햇네요.. 감사합니다 많이 더운데6 건강조심하세요..,0,1595522589.732264,11 months ago
475,http://www.youtube.com/watch?v=w1PIOywkLhs,감사합니다. 열심히 공부하네요. 그런데 대본이 51번부터는 자료실에 구비되어 있지 않아요.  바쁘시겠지만 확인해주시면 감사하겠습니다.,0,1595522589.7379136,11 months ago
476,http://www.youtube.com/watch?v=w1PIOywkLhs,잘봤습니다,0,1595522589.7418425,1 year ago
477,http://www.youtube.com/watch?v=w1PIOywkLhs,잘듣고있읍니다~감사합니다~문형57부터는없나요~??,0,1595522589.7459905,1 year ago
478,http://www.youtube.com/watch?v=w1PIOywkLhs,30近いはずだ  haha I don't think so,0,1595522589.750033,1 year ago
479,http://www.youtube.com/watch?v=ffLil-wgtH8,또 새로운거 배웠습니다.항상 감사합니다.덴뿌라선생님 건강하시고 행복하세요.,0,1595522633.0751245,1 year ago
480,http://www.youtube.com/watch?v=ffLil-wgtH8,감사합니다~~~^^,0,1595522633.0796366,1 year ago
481,http://www.youtube.com/watch?v=ffLil-wgtH8,ㅎㅎㅎ 저도 일본어 잘하고싶내요. 일본어 잘해서 저런 사람들한테 너네가 장애인 무시해서 벌받아서 일본한테 식민지 당했다고 쎔통이라고 일본말로 일본인인첫 하고 말하고싶네요 ㅎㅎㅎㅎㅎㅎㅎ 진짜 이 기사 보면 일본이 한국 식민지 해줘서 고마워짐 ㅎㅎㅎㅎㅎ https://news.v.daum.net/v/20190529131929385?f=m,1,1595522633.0835295,1 year ago
482,http://www.youtube.com/watch?v=ffLil-wgtH8,そのまま この儘 間間=まま 弟は眼鏡をかけてままねています ポケットにあれまま 知らない内に明りをつけたまま眠りこんでさまった 天気がこのまま続くといいですな この野菜は生のままで食べてもいいです 靴をかけてまま,0,1595522633.0877826,7 months ago
483,http://www.youtube.com/watch?v=ffLil-wgtH8,1형부터 차근차근 믿고 따라하고 있습니다.   감사합니다 끝까지 갑니다. 출퇴근시에 매일 매일 듣고 있습니다^^,0,1595522633.0920153,1 year ago
484,http://www.youtube.com/watch?v=ffLil-wgtH8,#01:42,0,1595522633.095793,9 months ago
485,http://www.youtube.com/watch?v=SHusKSMESdg,"덴뿌라 선생님 좋은 강의 감사드립니다 근데, 옥구슬 비서님은 왜 짜르셨을까요?.",0,1595522653.671173,2 weeks ago
486,http://www.youtube.com/watch?v=SHusKSMESdg,강의 감사히 잘 보고있습니다. 영어도 잘하시고 일본어도 잘하시고 덴뿌라 찬양,0,1595522653.6762402,5 months ago
487,http://www.youtube.com/watch?v=SHusKSMESdg,강의 간단하고 이해 쉽게 잘하네요 Your channel already subscribed,0,1595522653.680491,1 year ago
488,http://www.youtube.com/watch?v=SHusKSMESdg,번창하세요....보면서 공부 많이하고 있습니다,0,1595522653.6855845,1 year ago
489,http://www.youtube.com/watch?v=SHusKSMESdg,덴뿌라 선생님강의 감사합니다 외우면서 공부할 수있어서 좋아요 자꾸자꾸 반복구독중입니다  투자한 시간만큼 입으로 말하기가 쉽짓 안네요,0,1595522653.6911578,1 year ago
490,http://www.youtube.com/watch?v=SHusKSMESdg,許す 許さない いくらお金があってもつかい方をしらなければ、ただの紙切れにすぎないよ。 いくら貧しくも夢があります ギターを習い始めたがどんなに練習しなければ、,0,1595522653.6957445,7 months ago
491,http://www.youtube.com/watch?v=RVoQrMCYIDk,항상 중요한 부분만 콕콕 찝어서 영상 올려주시니 공부하는 입장에서는 고마워서 몸 둘바를 모르겠사옵니다!,2,1595522674.8015833,1 year ago (edited)
492,http://www.youtube.com/watch?v=RVoQrMCYIDk,항상 좋은 영상 올려주셔서 감사합니다 열심히 공부하겠습니다,0,1595522674.806051,1 year ago
493,http://www.youtube.com/watch?v=RVoQrMCYIDk,항상 잘듣고 잘보고 있습니다. 감사합니다. 건강하세요.,0,1595522674.8102276,1 year ago
494,http://www.youtube.com/watch?v=RVoQrMCYIDk,감사합니다,0,1595522674.8146377,5 months ago
495,http://www.youtube.com/watch?v=RVoQrMCYIDk,섬세하고 친절한 설명들으며 반복학습하니 참 좋네요. 감사합니다.,0,1595522674.8190062,1 year ago
496,http://www.youtube.com/watch?v=RVoQrMCYIDk,"늘 감사한 마음으로 잘보고있습니다. 여행시 많은 도움을 받고있습니다. 선생님 강의와 고독한미식가를 보면서 식당에 들어가 이용할 만한 대화를 반복적으로 듣고 있습니다. 헌데 고독한미식가에서는 말이 빠르기도 하고, 나오는 자막으로 검색을 해보면 전혀 다른 문구가 나와서 오잉! 할때가 많습니다. 고독한미식가의 식당편을 강의로 넣어주셔도 좋을것같습니다만 ㅠㅠ 건강하십시요.",0,1595522674.8232915,1 year ago
497,http://www.youtube.com/watch?v=RVoQrMCYIDk,뎅끼모 다핸 아쯔이나까데  혼또니 아리가또 고자이마스,0,1595522674.8272223,1 year ago
498,http://www.youtube.com/watch?v=RVoQrMCYIDk,짧게짧게  강의를  들으니 집중이 더 잘되네요.. 항상 감사합니다.. 저는왜 오늘 보게 됐는지 모르겠네요..ㅠㅠ 다른분들은 1개월 전에도  올렸든데..,1,1595522674.831173,11 months ago
499,http://www.youtube.com/watch?v=Om0pe5rYwps,선생님 감사합나다 일본어 공부하는데 큰 도움을 받고 있습니다,1,1595522696.2930214,1 year ago
500,http://www.youtube.com/watch?v=Om0pe5rYwps,50문형까지 수고많으셨습니다~^^ 쌤 덕분에 일본어 공부 즐겁게 하고있담니다~~ 앞으로도 알찬영상 잘 부탁드림니다~^^,1,1595522696.2981608,1 year ago
501,http://www.youtube.com/watch?v=Om0pe5rYwps,本当にありがとうございます😉,0,1595522696.302869,1 year ago
502,http://www.youtube.com/watch?v=Om0pe5rYwps,ありがとうございます~,0,1595522696.307497,1 year ago
503,http://www.youtube.com/watch?v=Om0pe5rYwps,오늘도 반복했어 한시간 했네요.. 항상 감사합니다..,0,1595522696.312167,11 months ago
504,http://www.youtube.com/watch?v=Om0pe5rYwps,감사합니다~~~,0,1595522696.3166344,1 year ago
505,http://www.youtube.com/watch?v=Om0pe5rYwps,선생님 강의 넘재미있습니다 감사합니다~~,0,1595522696.3214288,5 months ago
506,http://www.youtube.com/watch?v=Om0pe5rYwps,유용하게 열심히 공부하고 있습니다.  우선 감사드리고요.   말씀하신 기추 일본어 문형50의 예문만 올려 놓으셨다고 했는데 어디에 있는지 찾지를 못하겠네요.정확한 루트 좀 알려 주시면 감사하겠습니다.,2,1595522696.3259768,1 year ago
507,http://www.youtube.com/watch?v=Om0pe5rYwps,오늘도 반복했어 한시간 공부했네요.. 감사합니다 항상건강하시길 바랍니다,0,1595522696.3310223,1 year ago
508,http://www.youtube.com/watch?v=Om0pe5rYwps,감사합니다,0,1595522696.3358617,1 year ago
509,http://www.youtube.com/watch?v=Om0pe5rYwps,강의 감사합니다.,0,1595522696.340376,1 year ago
510,http://www.youtube.com/watch?v=Om0pe5rYwps,고생이 많으시지요? 늦은 나이에 뭔 일본어 공부에 꽂혀서리 ㅎㅎ 선생님! 51문형 이후는 없나요?,0,1595522696.3433604,3 weeks ago
511,http://www.youtube.com/watch?v=Om0pe5rYwps,더드어 50번까지 반복 노트정리를 끝냈네요.. 열심히 공부했네요 항상 감사합니다.. 오늘도 행복하셔요~~^,0,1595522696.346172,11 months ago
512,http://www.youtube.com/watch?v=Om0pe5rYwps,50문형이 끝이군요 1형부터 들어왔는데 많은 도움됐습니다. 계속 반복해서 듣겠습니다~감사드립니다~^^,0,1595522696.349154,1 year ago
513,http://www.youtube.com/watch?v=Om0pe5rYwps,선생님 통화하고 싶습니다 이메일주소 부탁드려도 될까요?,0,1595522696.3525229,1 year ago (edited)
514,http://www.youtube.com/watch?v=Om0pe5rYwps,빠른 정정 답변 감사드리고 즐겁게 일본어 공부 하고있습니다.친절한 설명 감사합니다.,0,1595522696.3556232,1 year ago
515,http://www.youtube.com/watch?v=Om0pe5rYwps,10:52 18:00 24:36 31:17 40:20 48:00 58:25,0,1595522696.3584445,3 months ago (edited)
516,http://www.youtube.com/watch?v=WaLfC-1rUZM,정샘~~ 한달전 생일 이었군요.. 늦었지만  생일 진심으로 축하드립니다..,0,1595522718.3803787,1 year ago
517,http://www.youtube.com/watch?v=WaLfC-1rUZM,오늘도 열심히 공부햇네요.. 반복하니 새로운 것도 들리게되고 보람있어요 저는 휴가 다녀왔는데 쌤은 휴가다녀왔는지요.. 오늘도 감사합니다.,0,1595522718.3841584,11 months ago
518,http://www.youtube.com/watch?v=WaLfC-1rUZM,오늘도 한시간 공부했네요.. 감사합니다 뉴스를 듣는 그날까지.. 행복한 날 되세요~~^,0,1595522718.3886425,1 year ago
519,http://www.youtube.com/watch?v=WaLfC-1rUZM,오늘도 열심히 해네요.. 감사합니다..,0,1595522718.39337,11 months ago
520,http://www.youtube.com/watch?v=WaLfC-1rUZM,열심히 배우고 있습니다 감사드립니다~^^,1,1595522718.3986115,1 year ago
521,http://www.youtube.com/watch?v=WaLfC-1rUZM,鄭し、お誕生日おめれとう,0,1595522718.403396,1 year ago
522,http://www.youtube.com/watch?v=WaLfC-1rUZM,아직 입문상태인 저로선 한글읽어주는게 좋은데....ㅠㅠ,1,1595522718.4079483,1 year ago
523,http://www.youtube.com/watch?v=WaLfC-1rUZM,ㅏㅊ,0,1595522718.4126,2 months ago
524,http://www.youtube.com/watch?v=WaLfC-1rUZM,열심히 강좌듣고 있습니다 감사드리고요 질문이 하나 있어요 일본어 자판이 (죄송)42)니 나루 존칭표현 예문 '오사카 에키데 덴샤니 오노리니낫테 쿠다사이' 에서 노루 와 노리 어느쪽인건가요? 노루- 노리마스형인줄 알았는데 아래쪽 설명에 노리 (타다) 라고 써 있어서 헷갈려요,1,1595522718.4171474,1 year ago (edited)
525,http://www.youtube.com/watch?v=WaLfC-1rUZM,7:48 14:38 24:37 31:47 38:20 49:05 59:04,0,1595522718.4216986,3 months ago (edited)
526,http://www.youtube.com/watch?v=WaLfC-1rUZM,안녕하세요 일본어공부 혼자하다가  우연히유튜브를 보게 되었습니다   정말알차고  저한테  큰도움이 될거같아요   무지무지 감사합니다~~,0,1595522718.4515655,1 year ago
527,http://www.youtube.com/watch?v=WaLfC-1rUZM,한글읽기가 없었으면 좋겠어요 무시하려해도 신경쓰이고 분산되네요 저만그런가요,0,1595522718.4560854,1 year ago
528,http://www.youtube.com/watch?v=WaLfC-1rUZM,43강들으며 출근하다가 아재개그에 한참웃다가 갑니다ㅋㅋㅋㅋㅋㅋㅋㅋㅋㅋㅋ 오늘도 잘듣고있습니다 선생님 감사합니다,0,1595522718.4601514,1 year ago
529,http://www.youtube.com/watch?v=acJ8efc1Obs,일본어를 배워서 뭐하죠? 어차피 계약성사목적이면 거의 영어가 기본일텐데. 뭐 일본이 영어 못한다면 딴데로 눈돌리면 그만이고. 요즘은 동남아가 핫스팟이란거 삼척동자도 알고 그냥 영어로 끝.ㅠㅠ,0,1595522741.1397274,1 year ago
530,http://www.youtube.com/watch?v=e7Mph42fkWs,유익하면서도 재미있는 강의 잘 들었습니다 늘 감사하게 생각하면서 듣고 있습니다,4,1595522762.0289822,1 year ago
531,http://www.youtube.com/watch?v=e7Mph42fkWs,항상 좋은 강의 잘 듣고 있습니다. 좋은 영상 감사드립니다,1,1595522762.03474,1 year ago
532,http://www.youtube.com/watch?v=e7Mph42fkWs,구독하니 공부하기 좋습니다. 부산은 종일 비가 오네요. 커피마시면서 열공중입니다. 늘 감사드립니다 ~~,1,1595522762.0399063,1 year ago
533,http://www.youtube.com/watch?v=e7Mph42fkWs,오늘도 노트정리하며 두시간 열공했네요~~ 늘 감사합니다.. 여름 건강히 보내세요,0,1595522762.044991,11 months ago
534,http://www.youtube.com/watch?v=e7Mph42fkWs,차운전하면서 잘듣고 있어요 감사합니다,1,1595522762.0500517,1 year ago
535,http://www.youtube.com/watch?v=e7Mph42fkWs,쌤 넘 욱겨요^^ 재미지게 듣고있습니다♡,0,1595522762.054835,1 year ago
536,http://www.youtube.com/watch?v=e7Mph42fkWs,가정형 네가지 때문에 골머리 아팠는데  ㅡ어느걸 쓴다해도 상대가 어느정도 알아 듣는다는  해설이 마음에 와 닿습니다ㅡ 실제 현지 상황을 쉽게 가르쳐 주는것이 배움에 많은 도움이 될것 같습니다. 외국어는  의사소통이 우선이라는 설명도 좋습니다,1,1595522762.059582,1 year ago
537,http://www.youtube.com/watch?v=e7Mph42fkWs,선생님 강의가 너무좋습니다.  이런 예문위주의 해설강의가 정말 도움이 됩니다.   덴뿌라쎔 짱~~!!,0,1595522762.0646172,9 months ago
538,http://www.youtube.com/watch?v=e7Mph42fkWs,오늘은 휴일인데도 반복 한시간 했네요.. 쫌 힘드네요.. 감사합니다~~^^,0,1595522762.0690107,11 months ago
539,http://www.youtube.com/watch?v=e7Mph42fkWs,이렇게 좋은 일본어 강의를 무료도 들을수 있다니  감사할 따름입니다~!,0,1595522762.073166,1 month ago
540,http://www.youtube.com/watch?v=e7Mph42fkWs,매일듣고있어요 감사합니다,0,1595522762.0774107,7 months ago
541,http://www.youtube.com/watch?v=e7Mph42fkWs,오늘도 한시간 공부햇네요 뿌듯  합니다 정복하는 그날까지..,0,1595522762.0814466,1 year ago
542,http://www.youtube.com/watch?v=e7Mph42fkWs,선생님 고마워요  전혀  색다르게 가르쳐주는 방식이 마음에 와 닿습니다,0,1595522762.0859897,1 year ago
543,http://www.youtube.com/watch?v=e7Mph42fkWs,10:39 20:19 32:11 40:11 50:25 1:15:53,0,1595522762.090999,3 months ago (edited)
544,http://www.youtube.com/watch?v=e7Mph42fkWs,덴뿌라 선생님  덕분에  아주 좋은방법으로 열심히 하는중입니다 저도 혼자한지는  ㅣ년시 넘었는데 아무래도 직장 다니면서 일하면서 하다보니  회화는 그렇게 잘늘지않네요 영어 공부를하다보니 요즘 군대식영어 라고 해서  한문장을 백번 반복하는  유튜브가 있습니다 영어쉐도잉 하는건데  그게 전부 너무 도움된다고 갑자기  엄청나게사람들이 구독 합니다  덴뿌라 선생님도  군대식 일본어 한번 해보시면 어떨까요? 구독자도 많이 늘고 유료 로하셔도 되고  만화영화 한편정도 하시면 아주좋을것같습니다 여러 유듀브가 있지만 선생님 말씀처럼 입에붙도록 할려면 군대식 일본어가 필요합ㄴ다 부탁합시다,0,1595522762.0957541,1 year ago
545,http://www.youtube.com/watch?v=-LpFSloRulE,어떤 강의보다 저는 덴뿌라 선생님 강의가 제일 쏙쏙 들어오고 재밌습니다 많은 도움이 되네요 샘의 소탈한 성격처럼 강의도 참 편해서 가끔씩 웃게됩니다~ 감사합니다~^^,1,1595522784.585206,4 months ago
546,http://www.youtube.com/watch?v=-LpFSloRulE,덴뿌라 선생님 강의도 최고짱 이구요 옥구슬님 음성도 짱입니다 그런데 이토록 좋은 옥구슬 음성을 두시고 다른 동영상 음성은 왠지????? 좀?????,1,1595522784.5905118,2 weeks ago
547,http://www.youtube.com/watch?v=-LpFSloRulE,목소리 듣다보니 옥구슬이예요~~^^ 결혼 후 일본 왔는데 덴뿌라 선생님 강의로 열심히 듣고 있어요~~ 감사합니다~,0,1595522784.5957718,3 months ago
548,http://www.youtube.com/watch?v=-LpFSloRulE,덴뿌라님 덕분에 일어공부 다시하게 되었습니다. 너무나 강의 내용이 좋고  설명이 명쾌합니다. 감사합니다.,0,1595522784.6006143,5 months ago
549,http://www.youtube.com/watch?v=-LpFSloRulE,코로나19때문에  집에서 열심히 들었습니다 감사합니다,0,1595522784.6054075,4 months ago
550,http://www.youtube.com/watch?v=-LpFSloRulE,"댓글 작성 처음해봅니다  감사, 감사 정말 감사합니다^^",0,1595522784.6087906,9 months ago
551,http://www.youtube.com/watch?v=-LpFSloRulE,감사합니다. 큰 도움이 되고 있습니다.,0,1595522784.6131759,1 year ago
552,http://www.youtube.com/watch?v=-LpFSloRulE,오늘도 반복해서 노트 정리하며 잼 나게 공부했네요.. 여름 휴가는 집에서 에컨아래 일본어 공부 최고~~ 감사합니다.. 무더위에 건강하시길 빕니다..,0,1595522784.6178813,11 months ago
553,http://www.youtube.com/watch?v=-LpFSloRulE,잘듣고 갑니다  진심으로 감사합니다,0,1595522784.6224265,1 year ago
554,http://www.youtube.com/watch?v=-LpFSloRulE,감사합니다~,1,1595522784.626869,1 year ago
555,http://www.youtube.com/watch?v=-LpFSloRulE,뎀뿌라 선생님 책이 나와있나요 네이버보니 이직  출판되지 않은 ᆢ 감사해요,0,1595522784.6315267,8 months ago
556,http://www.youtube.com/watch?v=-LpFSloRulE,문형 연습이 많이 도움이 되네요. 감사합니다.,0,1595522784.6359248,11 months ago
557,http://www.youtube.com/watch?v=-LpFSloRulE,덴뿌라 센서 강의  넘 좋아요  유익해요 👍👍,0,1595522784.640515,4 months ago
558,http://www.youtube.com/watch?v=-LpFSloRulE,감사드립니다~^^,0,1595522784.6447918,1 year ago
559,http://www.youtube.com/watch?v=-LpFSloRulE,덴뿌라쌤 덕분에 그래도 조금씩 이해해가며 공부하고 있어요 감사합니다.^^,1,1595522784.6488082,11 months ago
560,http://www.youtube.com/watch?v=-LpFSloRulE,정말많은도움이되고있어요  감사합니다,0,1595522784.6530924,1 month ago
561,http://www.youtube.com/watch?v=-LpFSloRulE,실껏 들어요요즘코로나로  ᆢ 감사합니다,0,1595522784.656518,2 months ago
562,http://www.youtube.com/watch?v=-LpFSloRulE,공부 잘 하고 갑니다,2,1595522784.6602108,1 year ago
563,http://www.youtube.com/watch?v=-LpFSloRulE,남성분들의 목소리는 개인적으로 아주 편안해서 찾아서 듣게 됩니다. 무식한 저도 많은 도움을 받고 있습니다.,0,1595522784.6637201,11 months ago
564,http://www.youtube.com/watch?v=-LpFSloRulE,7:01 14:51 22:18 28:36 35:34 40:55 49:16 55:00 1:04:10 1:13:36,0,1595522784.6684983,4 months ago (edited)
565,http://www.youtube.com/watch?v=-LpFSloRulE,아주오래전부터배우고있는데잘안되내요그래도댄뿌라샘덕애조금씩배우고있음니다감사,0,1595522784.6724792,2 months ago
566,http://www.youtube.com/watch?v=-LpFSloRulE,덕분에 잼있게 공부하고 있습니다 감사합니다~~~,1,1595522784.678336,1 year ago
567,http://www.youtube.com/watch?v=RqC17qqpTdE,정말 잘 가르쳐 주셔서 감사합니다.^^,0,1595522803.3825712,11 months ago
568,http://www.youtube.com/watch?v=RqC17qqpTdE,오늘도 잘배우고 갑니다. 매일매일 열공중입니다. 감사합니다. 감기조심하시구요 ~,0,1595522803.3859162,1 year ago
569,http://www.youtube.com/watch?v=eTRYLCA5t8M,진짜 돈주고 배울 내용들ㅜㅜ감사합니다,4,1595522834.032125,1 year ago
570,http://www.youtube.com/watch?v=eTRYLCA5t8M,덴뿌라 너무 좋아요 21-30회도 기다려 집니다 선생님 감사합니다,3,1595522834.0388315,1 year ago
571,http://www.youtube.com/watch?v=eTRYLCA5t8M,요즘 꾸준히 보고 공부하고있습니다. 이해되게 잘 가르쳐주셔서 감사합니다,1,1595522834.0491083,1 year ago
572,http://www.youtube.com/watch?v=eTRYLCA5t8M,ㅎㄷㅋㅎ,0,1595522834.0604641,4 months ago
573,http://www.youtube.com/watch?v=eTRYLCA5t8M,덴뿌라 선생님 자료 너무 감사합니다!!!^^,0,1595522834.065681,9 months ago
574,http://www.youtube.com/watch?v=eTRYLCA5t8M,정말 유익한 강의입니다 많은 도움이 됩니다,1,1595522834.0711915,1 year ago
575,http://www.youtube.com/watch?v=eTRYLCA5t8M,진심 감사합니다,0,1595522834.0764704,7 months ago
576,http://www.youtube.com/watch?v=eTRYLCA5t8M,10회씩 통합으로 한 번에 반복 복습 너무 편하네요.^^ 감사합니다.,0,1595522834.0814238,1 year ago
577,http://www.youtube.com/watch?v=eTRYLCA5t8M,선생님 ばかり뒤에いて는 무슨의미로 붙이는건가요?ㅎㅎ,0,1595522834.0908072,8 months ago
578,http://www.youtube.com/watch?v=eTRYLCA5t8M,"덴뿌라 센세이,무료로 복습을 할수있어서  너무너무 감사합니다",0,1595522834.0954652,4 months ago
579,http://www.youtube.com/watch?v=eTRYLCA5t8M,감사합니다!!!!^^,0,1595522834.0996177,1 year ago
580,http://www.youtube.com/watch?v=eTRYLCA5t8M,최고에요~! 감사합니다,1,1595522834.1053433,1 year ago
581,http://www.youtube.com/watch?v=eTRYLCA5t8M,감사합니다,0,1595522834.1184363,4 months ago
582,http://www.youtube.com/watch?v=eTRYLCA5t8M,와~~짝짝짝 저 이거보고 일본어로 일본사람이랑 말 할수있게돼었어요 감사합니다 더 재미있게 볼께요,0,1595522834.1232848,10 months ago
583,http://www.youtube.com/watch?v=eTRYLCA5t8M,1:13:57에 약을하다로 やる라고 한다고 말씀하시고 화면은 する라고 되어있어요 ^^;,0,1595522834.1285682,1 year ago
584,http://www.youtube.com/watch?v=eTRYLCA5t8M,감사합니다,0,1595522834.1374903,8 months ago (edited)
585,http://www.youtube.com/watch?v=eTRYLCA5t8M,감사혀요 ~~^^,0,1595522834.1432512,1 month ago
586,http://www.youtube.com/watch?v=eTRYLCA5t8M,"덴뿌라 선생님 3:14에 저는 매일 아침 산책을 한 후에, 신문을 읽습니다. 이 예문은 습관이기 때문에 테이루를 써야 하는게 아닌가요..? 공부 중인 학생인데 이부분이 헷갈려서 여쭤 봅니다 답글 꼭 부탁드립니다 ㅠㅠ",0,1595522834.1480153,7 months ago
587,http://www.youtube.com/watch?v=eTRYLCA5t8M,알기쉽고 친절한 강의 잘 듣고 있습니다 !!! '도모 아리가도 고자이마스',1,1595522834.1530337,1 year ago
588,http://www.youtube.com/watch?v=eTRYLCA5t8M,많은 도움되고 있습니다 혹시 일본에서 생활해 보셨나요?,0,1595522834.1587088,1 year ago
589,http://www.youtube.com/watch?v=eTRYLCA5t8M,덴뿌라 센세 혼토니 아리가토 고자이마스!!!,0,1595522834.1628025,10 months ago
590,http://www.youtube.com/watch?v=eTRYLCA5t8M,듣다가 빵터졌어요 오른쪽 왼쪽 설명하시다가 어거진가? ㅋㅋ 완전 웃겼어요. 늘 설명을 쉽게 해주셔서 감사드립니다. 계속 듣겠습니다^^,0,1595522834.1679435,10 months ago (edited)
591,http://www.youtube.com/watch?v=eTRYLCA5t8M,오늘도 반복하고  노트정리하며  열심히  공부했네요.. 넘 재미있어요 감사합다..,0,1595522834.1727152,11 months ago
592,http://www.youtube.com/watch?v=eTRYLCA5t8M,"학원다닐필요 없습니다  ,학원보다 더 잘 가르치십니다 . 동사의 가정형 좀 가르쳐 주세요 헷갈려요~~~~~~",1,1595522834.1784487,1 year ago
593,http://www.youtube.com/watch?v=eTRYLCA5t8M,기초 문형 잘 듣고 있습니다. 반복 또 반복 화이팅!!,1,1595522834.183833,1 year ago
594,http://www.youtube.com/watch?v=eTRYLCA5t8M,좋아요 계속해주세요앞으로도,0,1595522834.1903718,2 months ago
595,http://www.youtube.com/watch?v=eTRYLCA5t8M,예문 빨리빨리 넘어가서 좋네요,0,1595522834.1964977,8 months ago
596,http://www.youtube.com/watch?v=eTRYLCA5t8M,문형은 더 안올리시나요??,1,1595522834.201449,1 year ago
597,http://www.youtube.com/watch?v=eTRYLCA5t8M,일본어강의참좋아요계속해주세요 참좋아요,0,1595522834.2055874,3 months ago
598,http://www.youtube.com/watch?v=eTRYLCA5t8M,감사합니다. 매일매일 꾸준히 배우고 있습니다~^^,1,1595522834.2107384,1 year ago
599,http://www.youtube.com/watch?v=eTRYLCA5t8M,덴뿌라 선생님 ~ 일본어 강의 정말 감사합니다 왕초보 눈높이에서 설명해주시니 이해가 빠릅니다~~ 선생님속도에 따르지 못해서 죄송할뿐입니다~~ 속도는 늦지만 매일 청취하고 있습니다 자료가 삭제될까 두렵기도 하면서 아침눈뜨면 덴뿌라 아저씨 목소리  들어요 거듭감사드립니다^~^,0,1595522834.2166395,1 year ago (edited)
600,http://www.youtube.com/watch?v=eTRYLCA5t8M,밴쿄시나쿠테가 아니라 왜 밴쿄시나이데가 되는거에요? 독학이라 잘모르겠습니다.,0,1595522834.2214744,1 year ago
601,http://www.youtube.com/watch?v=eTRYLCA5t8M,5:06 12:23 14:02 30:45 35:39 42:48 49:37 57:10 1:06:40 1:13:10,1,1595522834.2464707,4 months ago (edited)
602,http://www.youtube.com/watch?v=eTRYLCA5t8M,안녕하세요 항상 잘보고 잘드고 있어서 감사드립니다.한가지 아쉬운점은 1단동사와 5단동사의 설명이 아쉬워요.루로 끝나는 동사중에 앞글자가 에나 이로 끝나면 1단동사이고쓰루 크루를 제외한 나머지 동사는 모두 5단 동사라고설명해주시면동사변형이 좀 더 이해하기 쉬울것 같아요.1단동사와 5단동사의 차이를 설명없이이동사는 1단동사 이동사는 5단 동사 이렇게 넘어가면1단동사와 5단동사의 구분 개념이 없는 독자들은혼란이 올것 같아요.덴뿌라 선생님오늘도 잘듣고 갑니다.,0,1595522834.2512739,1 year ago
603,http://www.youtube.com/watch?v=eTRYLCA5t8M,센세~정말 감사합니다. 잘 듣고 따라하고 열심히하겠습니다~♡,1,1595522834.2557378,11 months ago
604,http://www.youtube.com/watch?v=CQikkdlmvRI,진짜 초보자한테 최고의 영상입니다. 속도도 빠르지 않고 적당한거 같아요..,8,1595522851.4676404,1 year ago
605,http://www.youtube.com/watch?v=CQikkdlmvRI,덴뿌라 센세 강의가 이~데스네~ 아리가또 고쟈이마스,2,1595522851.471084,2 months ago
606,http://www.youtube.com/watch?v=CQikkdlmvRI,どうもありがとうございます❤️,1,1595522851.4740682,4 months ago
607,http://www.youtube.com/watch?v=CQikkdlmvRI,텐뿌라 선생님! 한국인들에게 딱 맞는 수업을 차근차근 쌓아갈 수 있게해 주셔서 정말 감사합니다.  그리고 선생님 목소리와 외모 또한 볼수록 매력적이니 몇 초 넘기라는 말씀은 지나친 농담입니다ㅎㅎ,4,1595522851.4770992,1 year ago
608,http://www.youtube.com/watch?v=CQikkdlmvRI,일본어 배우는 강의영상으로써는 최고입니다. 유튜브에서 대부분 언어강의 채널은 '교육'보다는 '재미'를 추구해서 여러가지 컨텐츠 안에 여러 잡다한 컨텐츠를 넣어서 한단어한단어 기억하긴 좋아도 아무래도 깊게 배우긴 힘들더라구요.  채널자체가 확실하게 배울 수 있어서 좋내요.  최근에 일본친구들하고 많이 친해지다보니 일본어를 사용해야하는 양이 많았는데 듣고 알아듣는것은 가능해도 아직 자연스럽게 발음하거나 말하는게 힘들었는데 좋은 영상 보고 구독하고 갑니다.  채널에 있는 영상자체가 대부분 긴 영상들이 다수 있는데 가볍게 즐길 수 있는 짧은 영상들도 몇개 업로드해주시면 시청하는 입장에서는 편할 것 같습니다.  짧은영상들은 약간 재미를 추구하는 쪽으로도 좋을 것 같습니다. 아무래도 신규 구독자들이 들어오기에는 약간 하드한 채널인 것 같습니다. 마치 진짜 강의인 기분이라서 ㅋㅋㅋㅋㅋㅋ 교재펴놓고 봐야할 것 같습니다.  그리고 개인적인 질문에 답변이 가능하시다면 일본어 공부할때 한자도 필수로 공부하는게 좋을까요?,8,1595522851.479951,1 year ago
609,http://www.youtube.com/watch?v=CQikkdlmvRI,오늘 처음 봤는데 너무 도움 많이 될 것 같아요!! 좋은 영상 감사합니다!! 열심히할게요,2,1595522851.4825854,1 year ago
610,http://www.youtube.com/watch?v=CQikkdlmvRI,ㅜㅜ..수수하시네요..,1,1595522851.4854088,5 months ago
611,http://www.youtube.com/watch?v=CQikkdlmvRI,덴뿌라 선생님 강의 내용이 넘 좋아요 너무 초보라서 그런지 저는 듣고 따라 하기가 힘들어서 그런데강의 내용이 책으로 나온것은 없는지 알고 싶습니다,1,1595522851.488106,1 year ago
612,http://www.youtube.com/watch?v=CQikkdlmvRI,선생님 감사합니다~  초급을 넘지못하고 또 초급..포기했다가  또초급부터하고 이러다 40대된  아줌마입니다 . 흑흑.ㅜㅜ 오늘 처음 봤는데요 이 영상보면서 중급고급까지 올라서 아이들에게 도전이 되고싶습니다 . 혼또니 아리가또우고자이마스 ~~ㅎㅎ,0,1595522851.4908652,5 months ago
613,http://www.youtube.com/watch?v=CQikkdlmvRI,1편부터 다시 복습하며 노트정리 시작했어요.. 공부가 많이 는거  같아 너무 기쁘요.. 늘 감사합니다 더운여름 건강히 보내세요~~^,1,1595522851.4943407,11 months ago
614,http://www.youtube.com/watch?v=CQikkdlmvRI,잘보고있습니다.감사합니나 꾸벅~,1,1595522851.4975007,1 year ago
615,http://www.youtube.com/watch?v=CQikkdlmvRI,뎀뿌라센세이 혼또니 맘에들어요 참 잘 가르쳐주시네요^^~ 오래 오래 오시에떼 꾸다사이,2,1595522851.5006332,1 year ago
616,http://www.youtube.com/watch?v=CQikkdlmvRI,문자  하나씩 외우겠습니다. 공부 영상 정말 감사드립니다 ^^*,0,1595522851.5037792,1 year ago
617,http://www.youtube.com/watch?v=CQikkdlmvRI,いいですね~,0,1595522851.5067334,11 months ago
618,http://www.youtube.com/watch?v=CQikkdlmvRI,일본에 있는데  아직  배울게  많네요  시봐흐는  잔디는  새로 배웠네요 감사합니다,2,1595522851.509841,1 year ago
619,http://www.youtube.com/watch?v=CQikkdlmvRI,덴뿌라쌤 영상 고맙습니다.,0,1595522851.5128481,7 months ago
620,http://www.youtube.com/watch?v=CQikkdlmvRI,항상 감사하게 잘 보고 공부하고 있습니다^^ 그런데 통합하시면서 5과에서 10과가 영상에서 없어진건가요^^? 유용하게 공부중인데 ㅠ 여하간 화이팅이고 응원드립니다~~,0,1595522851.5165637,1 year ago
621,http://www.youtube.com/watch?v=CQikkdlmvRI,좋아요 👍,0,1595522851.5204127,5 months ago
622,http://www.youtube.com/watch?v=CQikkdlmvRI,감사합니다 열심히 배우겠습니다,0,1595522851.5242283,1 year ago
623,http://www.youtube.com/watch?v=CQikkdlmvRI,대박입니다 이런 귀중한 자료를 무료로 올려주시다니 열심히 공부하겠습니다,0,1595522851.5279934,3 months ago
624,http://www.youtube.com/watch?v=CQikkdlmvRI,6:03 11:23 16:49 20:45 23:35 31:21 36:25 44:03 48:34,2,1595522851.5322704,4 months ago (edited)
625,http://www.youtube.com/watch?v=CQikkdlmvRI,덴뿌라 선생님 강의 정말 잘 해주십니다. 감사한 마음으로 듣고 있습니다 일본어 읽어주시는 선생님 목소리도 아주 좋구요 이런식으로 중급도 올려주시면 얼마나 좋을까 부탁드려도 될까요??,0,1595522851.535556,3 weeks ago
626,http://www.youtube.com/watch?v=CQikkdlmvRI,쉽게 잘 배우고 있습니다 감사 합니다,0,1595522851.5384223,6 months ago
627,http://www.youtube.com/watch?v=CQikkdlmvRI,왕초보라 문형 처음부터 공부하고있습니다. 질문 드려도 될지 모르겠네요... てはいけません대신 てはいけない와 てはいけないです도 가능한가요? 미리 감사드립니다 꾸벅:),0,1595522851.5413206,1 year ago
628,http://www.youtube.com/watch?v=CQikkdlmvRI,잘보고갑니다,0,1595522851.545222,4 months ago
629,http://www.youtube.com/watch?v=CQikkdlmvRI,근데 이거 목소리 누구에요?? 넘 좋네용,0,1595522851.5503109,7 months ago
630,http://www.youtube.com/watch?v=CQikkdlmvRI,넘 감사드려요 ^^,2,1595522851.5546117,1 year ago
631,http://www.youtube.com/watch?v=CQikkdlmvRI,보충설명:;;마시다ㅡ노무ㅡ뒤에 마스가붙으니 노미마스 ㅡ마십니다.노무가 노미로바뀌였죠.다른예.가다ㅡ이쿠ㅡ뒤에.마스가붙으니.이키마스ㅡ갑니다.이쿠가 이키로 바뀌였죠.타베르ㅡ마스붙으니 르가 사라지고 타베마스 마스가붙으면 바뀝니다,0,1595522851.5578713,1 year ago
632,http://www.youtube.com/watch?v=CQikkdlmvRI,私が見たことの中で一番ですよ！^_^,1,1595522851.5607634,10 months ago
633,http://www.youtube.com/watch?v=CQikkdlmvRI,선생님 영상보면서 실력이 쑥쑥향상되는 느낌입니다. 좋은영상으로 재능기부해주셔서 감사합니다. 열심히 공부할게요!! (기존계정에서 영상삭제 된줄알고 당황했다가 찾아왔습니다^^ 강의계속해주셔서 감사합니다),0,1595522851.5635805,1 year ago
634,http://www.youtube.com/watch?v=CQikkdlmvRI,뭔가 계속 끌리는 영상이네요. ㅎ 머릿속 어지럽던 문형정리가 간결하게 잘 되는 느낌입니다.,0,1595522851.566308,2 weeks ago
635,http://www.youtube.com/watch?v=CQikkdlmvRI,덴뿌라 선생 아주잘 튀기심니다. 아주쉽게 잘알아듣겠읍니다. 앞으로도 덴뿌라 (일어) 잘튀겨주삼.,1,1595522851.5691063,1 year ago
636,http://www.youtube.com/watch?v=CQikkdlmvRI,교재 구할수 있나요?,0,1595522851.5718298,3 months ago
637,http://www.youtube.com/watch?v=CQikkdlmvRI,저는 일드를 많이봐서 그런지 책으로 언어를 배우는 기분이네요 실제로 현장에서 대화하듯 가르쳐주시면 좋겠습니다,0,1595522851.574788,1 year ago
638,http://www.youtube.com/watch?v=CQikkdlmvRI,니홍고 츠카떼모 이이데스카?,0,1595522851.5777507,1 year ago
639,http://www.youtube.com/watch?v=CQikkdlmvRI,덴뿌라 선생님 설명 정말 좋구요 그리고  목소리도 괜찮습니다 그리고 비서님 음성은 아주 좋습니다 그런데 궁금한게 있는데요  최근에 동화 읽어주시는 여자분 음성은 좀 아닌것 같습니다  속도도 너무 느리고....,0,1595522851.5805862,1 year ago
640,http://www.youtube.com/watch?v=CQikkdlmvRI,이짐을 맡겨도 좋습니까?    가 더 살용적이지 않나요?   이짐을 만져봐도 좋습니까가 유용할까요?   짐을 왜만지지?   몇가지 지문이 아쉬운게 있네요,0,1595522851.5832825,1 year ago
641,http://www.youtube.com/watch?v=CQikkdlmvRI,どうもありがとうございます,0,1595522851.5859344,1 year ago (edited)
642,http://www.youtube.com/watch?v=zf1GSEtZ1jQ,예문 읽어주는 부분에서 右に를 '미기'가 아닌 '히다리'로 잘못 읽은점 참고바랍니다.,2,1595522876.3461893,1 year ago
643,http://www.youtube.com/watch?v=zf1GSEtZ1jQ,항상 감사합니다~,0,1595522876.3492367,1 year ago
644,http://www.youtube.com/watch?v=zf1GSEtZ1jQ,감사합니다. ^^,0,1595522876.351851,1 year ago
645,http://www.youtube.com/watch?v=zf1GSEtZ1jQ,감사합니다!,0,1595522876.3544998,11 months ago
646,http://www.youtube.com/watch?v=zf1GSEtZ1jQ,"덴뿌라센세 요즘 영상 꾸준히보면서 공부하고있어요:) 좋은영상 감사데스케도, 축구장 삿카쇼가아니라 죠로발음해주세용~ㅎㅎ",0,1595522876.3584423,1 year ago
647,http://www.youtube.com/watch?v=zf1GSEtZ1jQ,감사합니다,0,1595522876.3629212,4 months ago
648,http://www.youtube.com/watch?v=zf1GSEtZ1jQ,자세한 설명이 큰 도움이 되네요 감사합니다^~^,0,1595522876.367745,1 year ago
649,http://www.youtube.com/watch?v=zf1GSEtZ1jQ,감사합니다.,0,1595522876.3721688,1 month ago
650,http://www.youtube.com/watch?v=zf1GSEtZ1jQ,우리가 아는 조또  ㅋㅋㅋㅋ,0,1595522876.376339,3 weeks ago
651,http://www.youtube.com/watch?v=zf1GSEtZ1jQ,아침에 일어나 한시간 공부했네요~~^ 문법은 따로  안한는데 쉽게 가려쳐줘  너무  감사합니다.. 감사합니다..,0,1595522876.3792477,1 year ago
652,http://www.youtube.com/watch?v=zf1GSEtZ1jQ,좋은 강의 감사합니다 비서분 혹시? 원어민?  이신가요?,0,1595522876.3820581,2 weeks ago
653,http://www.youtube.com/watch?v=zf1GSEtZ1jQ,😊좋아요. 선생님 25:28쯤 한자 오타인듯해요!,0,1595522876.3847957,1 year ago (edited)
654,http://www.youtube.com/watch?v=zf1GSEtZ1jQ,"유트브 동영상 보면, 대부분  질문만 있고 답변은 없는데 답변까지 잘 배웠습니다~^^",0,1595522876.388206,11 months ago
655,http://www.youtube.com/watch?v=zf1GSEtZ1jQ,선생님한테 배운거 가지고 일본여행을 막~~  가고싶어요 ^^ 혹시 일본관광청에서 나오셨나요?   ㅎㅎ,0,1595522876.3916135,1 year ago
656,http://www.youtube.com/watch?v=zf1GSEtZ1jQ,"4:42 가고싶을때 ""기따잉'이라고하고 ,가야합니까 에서는 ""이끼""라고 하는데 한자도 똑같은데 왜 다르게 발음하는건가요?",0,1595522876.394431,9 months ago
657,http://www.youtube.com/watch?v=zf1GSEtZ1jQ,아주 좋네요. 감사합니다. 7분경에  右に가 잘못 발음되네요. 비서 혼내주세요..,0,1595522876.3970883,1 year ago (edited)
658,http://www.youtube.com/watch?v=zf1GSEtZ1jQ,필기하면서  공부했습니다.감사합니다,0,1595522876.399711,1 year ago
659,http://www.youtube.com/watch?v=zf1GSEtZ1jQ,아주 좋은 일본어 강의입니다.,1,1595522876.4024522,1 year ago
660,http://www.youtube.com/watch?v=zf1GSEtZ1jQ,질문이 있는데요.電車와 地下鐵이 다른 건가요?,0,1595522876.405194,1 year ago
661,http://www.youtube.com/watch?v=zf1GSEtZ1jQ,웃기는 광고구먼....,0,1595522876.4085526,9 months ago
662,http://www.youtube.com/watch?v=zf1GSEtZ1jQ,감사감사,0,1595522876.4112794,1 year ago
663,http://www.youtube.com/watch?v=zf1GSEtZ1jQ,ユンビニ가 아니라 コンビニ예요,0,1595522876.4152222,2 months ago
664,http://www.youtube.com/watch?v=zf1GSEtZ1jQ,감사함다~~,0,1595522876.418776,1 year ago
665,http://www.youtube.com/watch?v=OL0yA1TxNOE,보면서 들어도 어정쩡하게 들리네요😢,0,1595522904.44128,10 months ago
666,http://www.youtube.com/watch?v=OL0yA1TxNOE,"진심 감사드립니다. 아직 초보자 이지만, 3년 정도 꾸준히 따라하면 중급자 실력이 되겠죠?",0,1595522904.4447408,1 year ago
667,http://www.youtube.com/watch?v=OL0yA1TxNOE,덴뿌라 일본어 최고입니다**,1,1595522904.4477966,1 year ago
668,http://www.youtube.com/watch?v=OL0yA1TxNOE,덕분에 일어 공부하는데 도움많이 받습니다.,0,1595522904.4507945,1 year ago
669,http://www.youtube.com/watch?v=OL0yA1TxNOE,초보자들에게는 덴뿌씨가 없으면 안되는 존재 인것같습니다! 저도 초보시절 덴뿌라씨 덕분에 많은걸 배웠고 지금은 웬만한 회화는 하고있습니다 どもありがとうございました！,0,1595522904.4555025,1 year ago
670,http://www.youtube.com/watch?v=OL0yA1TxNOE,다 들리는데 뜻을 모르겠다....      こんばんは! 私は日本語を勉強するの韓国人です。これからもユチューブ、よろしくお願いします! パパゴを使用してないんだからどうかな良く分かりません...,1,1595522904.4607399,1 year ago (edited)
